case_id,N,tile_size,profile,distribution,min_rank,max_rank,precision,rows_per_run,workspace_bytes,analysis_ms,analysis_min_ms,transient_median_ms,transient_min_ms,analyzed_median_ms,analyzed_min_ms,dense_median_ms,dense_min_ms,analyzed_speedup,cold_analysis_plus_numeric_ms,analysis_amortization_calls,exact_flops,executed_flops,padding_waste_pct,analyzed_executed_gflops,dense_gflops
N4096__b256__constant_b32__fp16_fp32__rows4,4096,256,constant_b32,constant,8,8,fp16_fp32,4,4325376,10.374125,10.346794,12.377493,12.279636,0.32757,0.326859,0.220671,0.21408,0.6736605916292702,10.701694999999999,1,4.563402752e9,4.563402752e9,0.0,13931.076569893457,622822.9059187659
N4096__b256__constant_b16__fp16_fp32__rows4,4096,256,constant_b16,constant,16,16,fp16_fp32,4,8912896,9.417013,9.397754,11.331608,11.286361,0.346509,0.345327,0.220671,0.21408,0.6368406015428171,9.763522,1,9.663676416e9,9.663676416e9,0.0,27888.673644840394,622822.9059187659
N4096__b256__constant_b8__fp16_fp32__rows4,4096,256,constant_b8,constant,32,32,fp16_fp32,4,18874368,9.469782,9.427238,11.568683,11.434182,0.403864,0.403624,0.220671,0.21408,0.5463992829269259,9.873646,1,2.147483648e10,2.147483648e10,0.0,53173.435810074676,622822.9059187659
N4096__b256__uniform_b32_b8__fp16_fp32__rows4,4096,256,uniform_b32_b8,uniform,8,32,fp16_fp32,4,13511552,9.750041,9.5755,11.64003,11.626609,0.373179,0.373069,0.220671,0.21408,0.5913274862733434,10.12322,1,1.207602176e10,1.4560919552e10,17.065527923054074,39018.59309339486,622822.9059187659
N4096__b256__skewed_b32_b8__fp16_fp32__rows4,4096,256,skewed_b32_b8,skewed,8,32,fp16_fp32,4,10920704,9.585214,9.581238,11.425959,11.365609,0.379798,0.379327,0.220671,0.21408,0.581022016966914,9.965012,1,9.208372224e9,1.1276189696e10,18.33790959310942,29689.96597138479,622822.9059187659
N4096__b256__constant_b32__fp32_tf32__rows4,4096,256,constant_b32,constant,8,8,fp32_tf32,4,8650752,55.177956,21.915437,69.207141,34.171169,0.318106,0.316704,1.400766,1.246074,4.403456709398753,55.496062,1,4.563402752e9,4.563402752e9,0.0,14345.541272406053,98116.99703733528
N4096__b256__constant_b16__fp32_tf32__rows4,4096,256,constant_b16,constant,16,16,fp32_tf32,4,17825792,9.419316,9.322642,11.425649,11.402103,0.387369,0.382893,1.400766,1.246074,3.616102475933799,9.806685,1,9.663676416e9,9.663676416e9,0.0,24946.953462977162,98116.99703733528
N4096__b256__constant_b8__fp32_tf32__rows4,4096,256,constant_b8,constant,32,32,fp32_tf32,4,37748736,10.007566,9.70861,11.702152,11.652117,0.767108,0.564785,1.400766,1.246074,1.8260349259817392,10.774674000000001,1,2.147483648e10,2.147483648e10,0.0,27994.54115978454,98116.99703733528
N4096__b256__uniform_b32_b8__fp32_tf32__rows4,4096,256,uniform_b32_b8,uniform,8,32,fp32_tf32,4,27023104,9.637683,9.498985,11.778267,11.615824,0.435362,0.435132,1.400766,1.246074,3.217474193889223,10.073045,1,1.207602176e10,1.4560919552e10,17.065527923054074,33445.54543575232,98116.99703733528
N4096__b256__skewed_b32_b8__fp32_tf32__rows4,4096,256,skewed_b32_b8,skewed,8,32,fp32_tf32,4,21841408,9.52821,9.484434,11.532439,11.518788,0.410885,0.409713,1.400766,1.246074,3.4091436776713677,9.939095,1,9.208372224e9,1.1276189696e10,18.33790959310942,27443.66354576098,98116.99703733528
N4096__b256__constant_b32__fp32__rows4,4096,256,constant_b32,constant,8,8,fp32,4,8650752,9.542901,9.417634,13.611901,11.380821,0.66809,0.649182,2.731318,2.719831,4.088248589261926,10.210991,1,4.563402752e9,4.563402752e9,0.0,6830.520965738149,50319.645486904126
N4096__b256__constant_b16__fp32__rows4,4096,256,constant_b16,constant,16,16,fp32,4,17825792,9.447869,9.407419,11.375313,11.317046,0.908079,0.887899,2.731318,2.719831,3.0077977797085937,10.355948000000001,1,9.663676416e9,9.663676416e9,0.0,10641.889544852374,50319.645486904126
N4096__b256__constant_b8__fp32__rows4,4096,256,constant_b8,constant,32,32,fp32,4,37748736,9.485455,9.476072,11.950545,11.745788,1.20261,1.185154,2.731318,2.719831,2.2711585634578126,10.688065,1,2.147483648e10,2.147483648e10,0.0,17856.858399647434,50319.645486904126
N4096__b256__uniform_b32_b8__fp32__rows4,4096,256,uniform_b32_b8,uniform,8,32,fp32,4,27023104,10.491291,9.56875,41.0679,29.409603,1.048269,1.032035,2.731318,2.719831,2.6055506744929025,11.53956,1,1.207602176e10,1.4560919552e10,17.065527923054074,13890.441815984257,50319.645486904126
N4096__b256__skewed_b32_b8__fp32__rows4,4096,256,skewed_b32_b8,skewed,8,32,fp32,4,21841408,10.034557,10.010331,12.231655,12.222532,0.980908,0.958575,2.731318,2.719831,2.784479278382886,11.015464999999999,1,9.208372224e9,1.1276189696e10,18.33790959310942,11495.664930859979,50319.645486904126
N4096__b512__constant_b32__fp16_fp32__rows4,4096,512,constant_b32,constant,16,16,fp16_fp32,4,4325376,2.205821,2.157669,2.754452,2.62605,0.146249,0.144957,0.220671,0.21408,1.508871855534055,2.35207,1,4.563402752e9,4.563402752e9,0.0,31202.967213451033,622822.9059187659
N4096__b512__constant_b16__fp16_fp32__rows4,4096,512,constant_b16,constant,32,32,fp16_fp32,4,8912896,2.264219,2.140113,2.620952,2.608954,0.162684,0.161412,0.220671,0.21408,1.3564394777605666,2.4269030000000003,1,9.663676416e9,9.663676416e9,0.0,59401.51714981191,622822.9059187659
N4096__b512__constant_b8__fp16_fp32__rows4,4096,512,constant_b8,constant,64,64,fp16_fp32,4,18874368,2.318179,2.183858,2.829555,2.657497,0.192828,0.192158,0.220671,0.21408,1.1443929304872738,2.511007,1,2.147483648e10,2.147483648e10,0.0,111367.83288734002,622822.9059187659
N4096__b512__uniform_b32_b8__fp16_fp32__rows4,4096,512,uniform_b32_b8,uniform,16,64,fp16_fp32,4,12091008,2.286532,2.175856,2.750977,2.672209,0.18101,0.179308,0.220671,0.21408,1.2191094414673223,2.467542,1,1.1299264512e10,1.261109248e10,10.402175466403367,69670.69487873599,622822.9059187659
N4096__b512__skewed_b32_b8__fp16_fp32__rows4,4096,512,skewed_b32_b8,skewed,16,64,fp16_fp32,4,9379584,2.252631,2.150729,2.73963,2.660111,0.170946,0.170505,0.220671,0.21408,1.290881330946615,2.423577,1,8.439154688e9,9.377021952e9,10.001760354202485,54853.70790776035,622822.9059187659
N4096__b512__constant_b32__fp32_tf32__rows4,4096,512,constant_b32,constant,16,16,fp32_tf32,4,8650752,2.697617,2.445409,3.228722,3.042834,0.184957,0.184616,1.400766,1.246074,7.573468427796731,2.882574,1,4.563402752e9,4.563402752e9,0.0,24672.776656195765,98116.99703733528
N4096__b512__constant_b16__fp32_tf32__rows4,4096,512,constant_b16,constant,32,32,fp32_tf32,4,17825792,2.865558,2.515955,4.826432,3.085017,0.212738,0.211827,1.400766,1.246074,6.584465398753395,3.078296,1,9.663676416e9,9.663676416e9,0.0,45425.24803279151,98116.99703733528
N4096__b512__constant_b8__fp32_tf32__rows4,4096,512,constant_b8,constant,64,64,fp32_tf32,4,37748736,2.285961,2.09871,4.272133,2.841843,0.294501,0.293189,1.400766,1.246074,4.756404901850927,2.580462,1,2.147483648e10,2.147483648e10,0.0,72919.40088488664,98116.99703733528
N4096__b512__uniform_b32_b8__fp32_tf32__rows4,4096,512,uniform_b32_b8,uniform,16,64,fp32_tf32,4,24182016,2.417067,2.152772,2.718568,2.685078,0.249694,0.249253,1.400766,1.246074,5.609930554999319,2.6667609999999997,1,1.1299264512e10,1.261109248e10,10.402175466403367,50506.189495943036,98116.99703733528
N4096__b512__skewed_b32_b8__fp32_tf32__rows4,4096,512,skewed_b32_b8,skewed,16,64,fp32_tf32,4,18759168,2.333512,2.311279,3.315401,3.175602,0.215111,0.21389,1.400766,1.246074,6.511828776771062,2.5486229999999996,1,8.439154688e9,9.377021952e9,10.001760354202485,43591.55018571807,98116.99703733528
N4096__b512__constant_b32__fp32__rows4,4096,512,constant_b32,constant,16,16,fp32,4,8650752,2.361364,2.132201,2.730246,2.645539,0.599788,0.595151,2.731318,2.719831,4.553805678006229,2.9611520000000002,2,4.563402752e9,4.563402752e9,0.0,7608.359540370931,50319.645486904126
N4096__b512__constant_b16__fp32__rows4,4096,512,constant_b16,constant,32,32,fp32,4,17825792,2.274604,2.262106,2.800591,2.797757,0.562672,0.554009,2.731318,2.719831,4.854192140358859,2.837276,2,9.663676416e9,9.663676416e9,0.0,17174.617567605994,50319.645486904126
N4096__b512__constant_b8__fp32__rows4,4096,512,constant_b8,constant,64,64,fp32,4,37748736,2.304769,2.296647,2.877576,2.853931,0.897834,0.882481,2.731318,2.719831,3.04211914451892,3.202603,2,2.147483648e10,2.147483648e10,0.0,23918.49326267439,50319.645486904126
N4096__b512__uniform_b32_b8__fp32__rows4,4096,512,uniform_b32_b8,uniform,16,64,fp32,4,24182016,2.233102,2.167163,2.876084,2.77302,0.727299,0.717664,2.731318,2.719831,3.7554265852146087,2.960401,2,1.1299264512e10,1.261109248e10,10.402175466403367,17339.625766019202,50319.645486904126
N4096__b512__skewed_b32_b8__fp32__rows4,4096,512,skewed_b32_b8,skewed,16,64,fp32,4,18759168,2.336848,2.295215,2.851627,2.805909,0.569873,0.560759,2.731318,2.719831,4.792853846383317,2.9067209999999997,2,8.439154688e9,9.377021952e9,10.001760354202485,16454.58190158158,50319.645486904126
N4096__b1024__constant_b32__fp16_fp32__rows4,4096,1024,constant_b32,constant,32,32,fp16_fp32,4,4325376,0.706918,0.610443,0.851554,0.739917,0.08648,0.086148,0.220671,0.21408,2.551699814986124,0.793398,1,4.563402752e9,4.563402752e9,0.0,52768.301942645696,622822.9059187659
N4096__b1024__constant_b16__fp16_fp32__rows4,4096,1024,constant_b16,constant,64,64,fp16_fp32,4,8912896,0.608921,0.587599,0.75532,0.752306,0.099579,0.097576,0.220671,0.21408,2.21603952640617,0.7085,1,9.663676416e9,9.663676416e9,0.0,97045.32497815805,622822.9059187659
N4096__b1024__constant_b8__fp16_fp32__rows4,4096,1024,constant_b8,constant,128,128,fp16_fp32,4,18874368,0.694319,0.687599,0.802781,0.794729,0.131687,0.131447,0.220671,0.21408,1.6757234958651956,0.826006,2,2.147483648e10,2.147483648e10,0.0,163074.8401892366,622822.9059187659
N4096__b1024__uniform_b32_b8__fp16_fp32__rows4,4096,1024,uniform_b32_b8,uniform,32,128,fp16_fp32,4,11218944,0.635391,0.600929,0.70218,0.631995,0.108642,0.104336,0.220671,0.21408,2.031175788369139,0.744033,2,1.1777499136e10,1.23731968e10,4.81442002118644,113889.62647963034,622822.9059187659
N4096__b1024__skewed_b32_b8__fp16_fp32__rows4,4096,1024,skewed_b32_b8,skewed,32,128,fp16_fp32,4,8827392,1.007989,1.002961,1.252525,1.168398,0.107461,0.106249,0.220671,0.21408,2.053498478517788,1.11545,1,9.07911168e9,9.622781952e9,5.649824288983328,89546.73743962926,622822.9059187659
N4096__b1024__constant_b32__fp32_tf32__rows4,4096,1024,constant_b32,constant,32,32,fp32_tf32,4,8650752,0.726196,0.682571,0.778415,0.754289,0.12725,0.124196,1.400766,1.246074,11.007984282907662,0.8534459999999999,2,4.563402752e9,4.563402752e9,0.0,35861.71121414538,98116.99703733528
N4096__b1024__constant_b16__fp32_tf32__rows4,4096,1024,constant_b16,constant,64,64,fp32_tf32,4,17825792,0.656532,0.614469,0.800879,0.772576,0.147761,0.146729,1.400766,1.246074,9.47994396356278,0.804293,2,9.663676416e9,9.663676416e9,0.0,65400.724250648,98116.99703733528
N4096__b1024__constant_b8__fp32_tf32__rows4,4096,1024,constant_b8,constant,128,128,fp32_tf32,4,37748736,0.698646,0.691955,0.829491,0.823873,0.202102,0.20005,1.400766,1.246074,6.9309853440342,0.900748,2,2.147483648e10,2.147483648e10,0.0,106257.4169478778,98116.99703733528
N4096__b1024__uniform_b32_b8__fp32_tf32__rows4,4096,1024,uniform_b32_b8,uniform,32,128,fp32_tf32,4,22437888,0.693057,0.658686,0.787318,0.757363,0.16047,0.16032,1.400766,1.246074,8.729145634698074,0.853527,2,1.1777499136e10,1.23731968e10,4.81442002118644,77105.98118028292,98116.99703733528
N4096__b1024__skewed_b32_b8__fp32_tf32__rows4,4096,1024,skewed_b32_b8,skewed,32,128,fp32_tf32,4,17654784,0.66165,0.536663,0.773047,0.756482,0.146479,0.146058,1.400766,1.246074,9.562913455171048,0.808129,2,9.07911168e9,9.622781952e9,5.649824288983328,65693.93532178675,98116.99703733528
N4096__b1024__constant_b32__fp32__rows4,4096,1024,constant_b32,constant,32,32,fp32,4,8650752,0.69525,0.664885,0.933627,0.891895,0.318166,0.318026,2.731318,2.719831,8.58456906143334,1.013416,2,4.563402752e9,4.563402752e9,0.0,14342.83597870294,50319.645486904126
N4096__b1024__constant_b16__fp32__rows4,4096,1024,constant_b16,constant,64,64,fp32,4,17825792,0.677735,0.668431,0.965825,0.931423,0.555892,0.464676,2.731318,2.719831,4.913396846869535,1.233627,2,9.663676416e9,9.663676416e9,0.0,17384.089744051,50319.645486904126
N4096__b1024__constant_b8__fp32__rows4,4096,1024,constant_b8,constant,128,128,fp32,4,37748736,0.758946,0.64813,1.212124,1.176501,0.662502,0.661821,2.731318,2.719831,4.1227317049608905,1.421448,2,2.147483648e10,2.147483648e10,0.0,32414.749661133097,50319.645486904126
N4096__b1024__uniform_b32_b8__fp32__rows4,4096,1024,uniform_b32_b8,uniform,32,128,fp32,4,22437888,0.63494,0.622892,0.929531,0.914359,0.497745,0.480489,2.731318,2.719831,5.487384102301379,1.132685,2,1.1777499136e10,1.23731968e10,4.81442002118644,24858.5054596229,50319.645486904126
N4096__b1024__skewed_b32_b8__fp32__rows4,4096,1024,skewed_b32_b8,skewed,32,128,fp32,4,17654784,0.700758,0.539688,0.868539,0.859707,0.454069,0.447049,2.731318,2.719831,6.015204737605958,1.154827,2,9.07911168e9,9.622781952e9,5.649824288983328,21192.334099002575,50319.645486904126
N8192__b512__constant_b32__fp16_fp32__rows4,8192,512,constant_b32,constant,16,16,fp16_fp32,4,17301504,10.219414,10.019585,11.684977,11.51322,0.699547,0.694088,1.533084,1.519153,2.191538238317082,10.918961000000001,1,3.6507222016e10,3.6507222016e10,0.0,52186.94671837632,717189.4219599187
N8192__b512__constant_b16__fp16_fp32__rows4,8192,512,constant_b16,constant,32,32,fp16_fp32,4,35651584,9.533447,9.470273,11.896945,11.74003,0.866997,0.863713,1.533084,1.519153,1.7682690943567276,10.400444,1,7.7309411328e10,7.7309411328e10,0.0,89169.17974110637,717189.4219599187
N8192__b512__constant_b8__fp16_fp32__rows4,8192,512,constant_b8,constant,64,64,fp16_fp32,4,75497472,9.678795,9.502571,11.578177,11.555052,1.221488,1.204523,1.533084,1.519153,1.255095424596885,10.900282999999998,1,1.7179869184e11,1.7179869184e11,0.0,140647.05657362167,717189.4219599187
N8192__b512__uniform_b32_b8__fp16_fp32__rows4,8192,512,uniform_b32_b8,uniform,16,64,fp16_fp32,4,49996672,9.840246,9.638765,12.091054,11.950665,0.995269,0.980727,1.533084,1.519153,1.5403714975549323,10.835515000000001,1,9.6661817344e10,1.06279469056e11,9.04939759054718,106784.6673170771,717189.4219599187
N8192__b512__skewed_b32_b8__fp16_fp32__rows4,8192,512,skewed_b32_b8,skewed,16,64,fp16_fp32,4,40364288,10.324962,9.963831,12.12776,11.936113,0.953557,0.949551,1.533084,1.519153,1.6077528663729592,11.278519,1,7.4085449728e10,8.2778259456e10,10.50131977300221,86809.97513100947,717189.4219599187
N8192__b512__constant_b32__fp32_tf32__rows4,8192,512,constant_b32,constant,16,16,fp32_tf32,4,34603008,11.605007,10.858981,100.60565,65.950006,0.796792,0.79515,2.769064,2.767221,3.4752658159218472,12.401799,1,3.6507222016e10,3.6507222016e10,0.0,45817.75672446511,397069.77801018686
N8192__b512__constant_b16__fp32_tf32__rows4,8192,512,constant_b16,constant,32,32,fp32_tf32,4,71303168,14.647991,10.586843,14.69374,12.887276,1.052455,1.045034,2.769064,2.767221,2.6310521589996725,15.700446,2,7.7309411328e10,7.7309411328e10,0.0,73456.2630497266,397069.77801018686
N8192__b512__constant_b8__fp32_tf32__rows4,8192,512,constant_b8,constant,64,64,fp32_tf32,4,150994944,9.730783,9.544954,11.58044,11.415874,1.698622,1.686464,2.769064,2.767221,1.6301825832939878,11.429405000000001,1,1.7179869184e11,1.7179869184e11,0.0,101140.03694759635,397069.77801018686
N8192__b512__uniform_b32_b8__fp32_tf32__rows4,8192,512,uniform_b32_b8,uniform,16,64,fp32_tf32,4,99993344,9.712475,9.700698,12.075231,11.917495,1.373936,1.353956,2.769064,2.767221,2.015424299239557,11.086411,1,9.6661817344e10,1.06279469056e11,9.04939759054718,77354.0172584458,397069.77801018686
N8192__b512__skewed_b32_b8__fp32_tf32__rows4,8192,512,skewed_b32_b8,skewed,16,64,fp32_tf32,4,80728576,10.084853,9.880526,11.805958,11.78767,1.195859,1.183892,2.769064,2.767221,2.315543889371573,11.280712000000001,1,7.4085449728e10,8.2778259456e10,10.50131977300221,69220.75215890836,397069.77801018686
N8192__b512__constant_b32__fp32__rows4,8192,512,constant_b32,constant,16,16,fp32,4,34603008,9.498715,9.389863,11.585649,11.539509,2.082406,1.970249,21.340807,21.27585,10.248149016090041,11.581121000000001,1,3.6507222016e10,3.6507222016e10,0.0,17531.270086620956,51521.55810115334
N8192__b512__constant_b16__fp32__rows4,8192,512,constant_b16,constant,32,32,fp32,4,71303168,9.439486,9.360328,12.291304,11.94758,2.861432,2.853921,21.340807,21.27585,7.4580863707402445,12.300918000000001,2,7.7309411328e10,7.7309411328e10,0.0,27017.73494110641,51521.55810115334
N8192__b512__constant_b8__fp32__rows4,8192,512,constant_b8,constant,64,64,fp32,4,150994944,11.990825,11.908251,81.568119,73.070362,5.155856,5.148855,21.340807,21.27585,4.139139456183416,17.146681,1,1.7179869184e11,1.7179869184e11,0.0,33321.08030945783,51521.55810115334
N8192__b512__uniform_b32_b8__fp32__rows4,8192,512,uniform_b32_b8,uniform,16,64,fp32,4,99993344,9.646687,9.619937,12.360007,12.359727,3.958444,3.958414,21.340807,21.27585,5.3912110415102505,13.605131,2,9.6661817344e10,1.06279469056e11,9.04939759054718,26848.79944139667,51521.55810115334
N8192__b512__skewed_b32_b8__fp32__rows4,8192,512,skewed_b32_b8,skewed,16,64,fp32,4,80728576,9.994437,9.81661,12.219297,12.143223,3.359808,3.344265,21.340807,21.27585,6.351793614397013,13.354244999999999,2,7.4085449728e10,8.2778259456e10,10.50131977300221,24637.794616835246,51521.55810115334
N8192__b1024__constant_b32__fp16_fp32__rows4,8192,1024,constant_b32,constant,32,32,fp16_fp32,4,17301504,2.2717,2.219151,2.882624,2.608053,0.350886,0.350344,1.533084,1.519153,4.369179733588687,2.622586,1,3.6507222016e10,3.6507222016e10,0.0,104042.9712670212,717189.4219599187
N8192__b1024__constant_b16__fp16_fp32__rows4,8192,1024,constant_b16,constant,64,64,fp16_fp32,4,35651584,2.280473,2.219421,2.898157,2.815203,0.619087,0.493448,1.533084,1.519153,2.4763627729220605,2.89956,2,7.7309411328e10,7.7309411328e10,0.0,124876.48961777585,717189.4219599187
N8192__b1024__constant_b8__fp16_fp32__rows4,8192,1024,constant_b8,constant,128,128,fp16_fp32,4,75497472,2.184369,2.179251,2.965258,2.775894,0.758355,0.746237,1.533084,1.519153,2.021591471012916,2.9427239999999997,1,1.7179869184e11,1.7179869184e11,0.0,226541.2528960711,717189.4219599187
N8192__b1024__uniform_b32_b8__fp16_fp32__rows4,8192,1024,uniform_b32_b8,uniform,32,128,fp16_fp32,4,46948224,2.368354,2.357909,2.930666,2.864016,0.587449,0.583043,1.533084,1.519153,2.609731227732109,2.955803,2,9.0514444288e10,9.581232128e10,5.529431832172807,163098.96055657597,717189.4219599187
N8192__b1024__skewed_b32_b8__fp16_fp32__rows4,8192,1024,skewed_b32_b8,skewed,32,128,fp16_fp32,4,36012288,2.28522,2.219201,2.910456,2.864887,0.516363,0.515311,1.533084,1.519153,2.9690043632096024,2.801583,1,6.7844726784e10,7.2194719744e10,6.025361654460223,139813.890119935,717189.4219599187
N8192__b1024__constant_b32__fp32_tf32__rows4,8192,1024,constant_b32,constant,32,32,fp32_tf32,4,34603008,3.863391,3.768981,6.916881,4.841025,0.468651,0.465076,2.769064,2.767221,5.9085844263641825,4.332042,1,3.6507222016e10,3.6507222016e10,0.0,77898.52580278288,397069.77801018686
N8192__b1024__constant_b16__fp32_tf32__rows4,8192,1024,constant_b16,constant,64,64,fp32_tf32,4,71303168,2.239821,2.16487,2.931677,2.864297,0.745886,0.727468,2.769064,2.767221,3.7124493555315423,2.985707,2,7.7309411328e10,7.7309411328e10,0.0,103647.75760370887,397069.77801018686
N8192__b1024__constant_b8__fp32_tf32__rows4,8192,1024,constant_b8,constant,128,128,fp32_tf32,4,150994944,2.315014,2.216247,3.114311,3.084807,1.214668,1.202159,2.769064,2.767221,2.2796879476531857,3.529682,2,1.7179869184e11,1.7179869184e11,0.0,141436.74801674203,397069.77801018686
N8192__b1024__uniform_b32_b8__fp32_tf32__rows4,8192,1024,uniform_b32_b8,uniform,32,128,fp32_tf32,4,93896448,2.408835,2.31897,2.936585,2.840461,0.84883,0.847198,2.769064,2.767221,3.262212692765336,3.257665,2,9.0514444288e10,9.581232128e10,5.529431832172807,112875.74812388817,397069.77801018686
N8192__b1024__skewed_b32_b8__fp32_tf32__rows4,8192,1024,skewed_b32_b8,skewed,32,128,fp32_tf32,4,72024576,2.37217,2.255876,3.050586,2.851777,0.732837,0.729021,2.769064,2.767221,3.7785537575204313,3.105007,2,6.7844726784e10,7.2194719744e10,6.025361654460223,98514.02118615736,397069.77801018686
N8192__b1024__constant_b32__fp32__rows4,8192,1024,constant_b32,constant,32,32,fp32,4,34603008,2.315055,2.259211,3.225587,3.204596,1.401047,1.395678,21.340807,21.27585,15.232042179884045,3.7161020000000002,2,3.6507222016e10,3.6507222016e10,0.0,26057.10016580457,51521.55810115334
N8192__b1024__constant_b16__fp32__rows4,8192,1024,constant_b16,constant,64,64,fp32,4,71303168,2.977055,2.617317,4.007838,3.740638,2.35866,2.354163,21.340807,21.27585,9.047852170300086,5.335715,2,7.7309411328e10,7.7309411328e10,0.0,32776.83571519422,51521.55810115334
N8192__b1024__constant_b8__fp32__rows4,8192,1024,constant_b8,constant,128,128,fp32,4,150994944,4.282078,4.039285,8.035936,6.664854,4.025995,4.020016,21.340807,21.27585,5.300753478332686,8.308073,2,1.7179869184e11,1.7179869184e11,0.0,42672.35598653252,51521.55810115334
N8192__b1024__uniform_b32_b8__fp32__rows4,8192,1024,uniform_b32_b8,uniform,32,128,fp32,4,93896448,3.282252,3.243343,4.941275,3.88889,2.869304,2.846319,21.340807,21.27585,7.437624943191799,6.151556,2,9.0514444288e10,9.581232128e10,5.529431832172807,33392.181964685515,51521.55810115334
N8192__b1024__skewed_b32_b8__fp32__rows4,8192,1024,skewed_b32_b8,skewed,32,128,fp32,4,72024576,4.218513,3.588581,7.307836,6.304384,2.372831,2.363056,21.340807,21.27585,8.993816668780878,6.591343999999999,1,6.7844726784e10,7.2194719744e10,6.025361654460223,30425.5632803179,51521.55810115334
N8192__b2048__constant_b32__fp16_fp32__rows4,8192,2048,constant_b32,constant,64,64,fp16_fp32,4,17301504,0.710934,0.640359,0.9556,0.934919,0.244446,0.242964,1.533084,1.519153,6.271667362116786,0.9553799999999999,1,3.6507222016e10,3.6507222016e10,0.0,149346.7760405161,717189.4219599187
N8192__b2048__constant_b16__fp16_fp32__rows4,8192,2048,constant_b16,constant,128,128,fp16_fp32,4,35651584,0.711685,0.695871,1.013888,0.914018,0.344756,0.343795,1.533084,1.519153,4.446866769541356,1.056441,2,7.7309411328e10,7.7309411328e10,0.0,224243.84587360336,717189.4219599187
N8192__b2048__constant_b8__fp16_fp32__rows4,8192,2048,constant_b8,constant,256,256,fp16_fp32,4,75497472,0.797803,0.793197,1.385784,1.348489,0.635491,0.633188,1.533084,1.519153,2.4124401447070056,1.433294,2,1.7179869184e11,1.7179869184e11,0.0,270340.0863898938,717189.4219599187
N8192__b2048__uniform_b32_b8__fp16_fp32__rows4,8192,2048,uniform_b32_b8,uniform,64,256,fp16_fp32,4,43832320,0.665336,0.639407,0.986917,0.970152,0.458396,0.446398,1.533084,1.519153,3.3444532674805187,1.123732,2,9.4308139008e10,9.6590626816e10,2.363053106952104,210714.3753784937,717189.4219599187
N8192__b2048__skewed_b32_b8__fp16_fp32__rows4,8192,2048,skewed_b32_b8,skewed,64,256,fp16_fp32,4,34013440,0.653147,0.628701,0.970683,0.963502,0.339137,0.338807,1.533084,1.519153,4.52054479458154,0.992284,2,7.2626036736e10,7.4089234432e10,1.9749126944251807,218464.02613692993,717189.4219599187
N8192__b2048__constant_b32__fp32_tf32__rows4,8192,2048,constant_b32,constant,64,64,fp32_tf32,4,34603008,0.743252,0.643673,1.123691,1.086716,0.583303,0.366228,2.769064,2.767221,4.747213712255895,1.326555,2,3.6507222016e10,3.6507222016e10,0.0,62587.06369759799,397069.77801018686
N8192__b2048__constant_b16__fp32_tf32__rows4,8192,2048,constant_b16,constant,128,128,fp32_tf32,4,71303168,0.704635,0.625336,1.339835,1.247627,0.578155,0.57451,2.769064,2.767221,4.7894837889493305,1.2827899999999999,1,7.7309411328e10,7.7309411328e10,0.0,133717.44831057417,397069.77801018686
N8192__b2048__constant_b8__fp32_tf32__rows4,8192,2048,constant_b8,constant,256,256,fp32_tf32,4,150994944,0.804905,0.802812,1.754205,1.690771,1.043872,1.041198,2.769064,2.767221,2.6526853867140803,1.848777,2,1.7179869184e11,1.7179869184e11,0.0,164578.31213022288,397069.77801018686
N8192__b2048__uniform_b32_b8__fp32_tf32__rows4,8192,2048,uniform_b32_b8,uniform,64,256,fp32_tf32,4,87664640,0.744203,0.724003,1.270571,1.219194,0.74148,0.735942,2.769064,2.767221,3.7345093596590604,1.4856829999999999,2,9.4308139008e10,9.6590626816e10,2.363053106952104,130267.33939688191,397069.77801018686
N8192__b2048__skewed_b32_b8__fp32_tf32__rows4,8192,2048,skewed_b32_b8,skewed,64,256,fp32_tf32,4,68026880,0.726417,0.648851,1.304332,1.268979,0.623703,0.617504,2.769064,2.767221,4.439715698016524,1.35012,2,7.2626036736e10,7.4089234432e10,1.9749126944251807,118789.28661879132,397069.77801018686
N8192__b2048__constant_b32__fp32__rows4,8192,2048,constant_b32,constant,64,64,fp32,4,34603008,0.693307,0.693187,1.763088,1.719413,1.213155,1.209781,21.340807,21.27585,17.59116271210192,1.9064619999999999,2,3.6507222016e10,3.6507222016e10,0.0,30092.7927725641,51521.55810115334
N8192__b2048__constant_b16__fp32__rows4,8192,2048,constant_b16,constant,128,128,fp32,4,71303168,0.706658,0.668911,2.423757,2.404368,1.988165,1.985441,21.340807,21.27585,10.733921480360031,2.694823,2,7.7309411328e10,7.7309411328e10,0.0,38884.806506502224,51521.55810115334
N8192__b2048__constant_b8__fp32__rows4,8192,2048,constant_b8,constant,256,256,fp32,4,150994944,0.852346,0.74209,4.222599,4.207417,3.915189,3.912245,21.340807,21.27585,5.45077312998172,4.767535,3,1.7179869184e11,1.7179869184e11,0.0,43880.05070508729,51521.55810115334
N8192__b2048__uniform_b32_b8__fp32__rows4,8192,2048,uniform_b32_b8,uniform,64,256,fp32,4,87664640,0.666407,0.658476,2.745929,2.740311,2.510947,2.498489,21.340807,21.27585,8.499106910659606,3.177354,3,9.4308139008e10,9.6590626816e10,2.363053106952104,38467.80788921471,51521.55810115334
N8192__b2048__skewed_b32_b8__fp32__rows4,8192,2048,skewed_b32_b8,skewed,64,256,fp32,4,68026880,0.689252,0.6544,2.323387,2.322626,2.082777,2.081925,21.340807,21.27585,10.246323538237652,2.772029,3,7.2626036736e10,7.4089234432e10,1.9749126944251807,35572.33176283395,51521.55810115334
N16384__b1024__constant_b32__fp16_fp32__rows4,16384,1024,constant_b32,constant,32,32,fp16_fp32,4,69206016,11.635583,11.300361,13.853983,13.378992,2.08497,2.062436,11.943503,11.942733,5.728381223710652,13.720553,1,2.92057776128e11,2.92057776128e11,0.0,140077.68751013203,736475.1381741186
N16384__b1024__constant_b16__fp16_fp32__rows4,16384,1024,constant_b16,constant,64,64,fp16_fp32,4,142606336,9.763491,9.746647,12.496461,12.466166,3.096815,3.06705,11.943503,11.942733,3.8567053569554526,12.860306,2,6.18475290624e11,6.18475290624e11,0.0,199713.34762457557,736475.1381741186
N16384__b1024__constant_b8__fp16_fp32__rows4,16384,1024,constant_b8,constant,128,128,fp16_fp32,4,301989888,11.363786,10.531941,65.614844,21.817912,5.302105,5.295385,11.943503,11.942733,2.252596468760992,16.665891,1,1.37438953472e12,1.37438953472e12,0.0,259215.8274345755,736475.1381741186
N16384__b1024__uniform_b32_b8__fp16_fp32__rows4,16384,1024,uniform_b32_b8,uniform,32,128,fp16_fp32,4,191846400,11.639398,11.634602,14.582944,14.330386,3.986687,3.953035,11.943503,11.942733,2.9958466767017327,15.626085,2,7.73253701632e11,8.146518016e11,5.081692557076891,204343.0551733808,736475.1381741186
N16384__b1024__skewed_b32_b8__fp16_fp32__rows4,16384,1024,skewed_b32_b8,skewed,32,128,fp16_fp32,4,153914752,10.247655,10.064692,12.628509,12.360828,3.442652,3.441079,11.943503,11.942733,3.4692739783167164,13.690307,2,5.9446224896e11,6.30415425536e11,5.7030927733774,183119.12605049828,736475.1381741186
N16384__b1024__constant_b32__fp32_tf32__rows4,16384,1024,constant_b32,constant,32,32,fp32_tf32,4,138412032,56.235909,11.59334,23.145548,22.307825,2.714893,2.712149,23.760738,23.199058,8.75199796087728,58.950801999999996,3,2.92057776128e11,2.92057776128e11,0.0,107576.16455897156,370194.43681454676
N16384__b1024__constant_b16__fp32_tf32__rows4,16384,1024,constant_b16,constant,64,64,fp32_tf32,4,285212672,10.996236,10.800914,14.130847,13.920923,4.589168,4.571331,23.760738,23.199058,5.177569877590012,15.585404,2,6.18475290624e11,6.18475290624e11,0.0,134768.50065719974,370194.43681454676
N16384__b1024__constant_b8__fp32_tf32__rows4,16384,1024,constant_b8,constant,128,128,fp32_tf32,4,603979776,9.967046,9.663882,13.427334,13.399072,9.058547,9.049533,23.760738,23.199058,2.6230186805897233,19.025593,3,1.37438953472e12,1.37438953472e12,0.0,151722.95675233565,370194.43681454676
N16384__b1024__uniform_b32_b8__fp32_tf32__rows4,16384,1024,uniform_b32_b8,uniform,32,128,fp32_tf32,4,383692800,10.968745,10.512642,13.550689,13.355617,6.008162,5.984996,23.760738,23.199058,3.9547432309581536,16.976907,2,7.73253701632e11,8.146518016e11,5.081692557076891,135590.8515116603,370194.43681454676
N16384__b1024__skewed_b32_b8__fp32_tf32__rows4,16384,1024,skewed_b32_b8,skewed,32,128,fp32_tf32,4,307829504,10.313304,10.208287,12.927496,12.842439,4.911721,4.896197,23.760738,23.199058,4.837558566539101,15.225025,2,5.9446224896e11,6.30415425536e11,5.7030927733774,128349.19278517652,370194.43681454676
N16384__b1024__constant_b32__fp32__rows4,16384,1024,constant_b32,constant,32,32,fp32,4,138412032,11.162555,11.062956,15.177684,14.583184,8.516105,8.512058,163.689046,163.601765,19.221116461105165,19.67866,2,2.92057776128e11,2.92057776128e11,0.0,34294.759884712556,53736.601422968764
N16384__b1024__constant_b16__fp32__rows4,16384,1024,constant_b16,constant,64,64,fp32,4,285212672,9.843791,9.838254,18.441668,18.435309,15.8765,15.86319,163.689046,163.601765,10.31014682077284,25.720291,4,6.18475290624e11,6.18475290624e11,0.0,38955.39260063616,53736.601422968764
N16384__b1024__constant_b8__fp32__rows4,16384,1024,constant_b8,constant,128,128,fp32,4,603979776,11.093822,10.382178,32.995408,32.894338,30.982997,30.975606,163.689046,163.601765,5.283189550707441,42.076819,6,1.37438953472e12,1.37438953472e12,0.0,44359.47673880613,53736.601422968764
N16384__b1024__uniform_b32_b8__fp32__rows4,16384,1024,uniform_b32_b8,uniform,32,128,fp32,4,383692800,10.601436,10.375017,132.503035,34.103267,21.095771,21.079897,163.689046,163.601765,7.759329867583412,31.697207,1,7.73253701632e11,8.146518016e11,5.081692557076891,38616.829960848554,53736.601422968764
N16384__b1024__skewed_b32_b8__fp32__rows4,16384,1024,skewed_b32_b8,skewed,32,128,fp32,4,307829504,10.715376,10.70456,20.146219,20.118398,17.541311,17.526799,163.689046,163.601765,9.331631256067462,28.256687,5,5.9446224896e11,6.30415425536e11,5.7030927733774,35938.90020740183,53736.601422968764
N16384__b2048__constant_b32__fp16_fp32__rows4,16384,2048,constant_b32,constant,64,64,fp16_fp32,4,69206016,2.347393,2.279892,3.329322,3.121621,1.347677,1.345974,11.943503,11.942733,8.862288960930549,3.69507,2,2.92057776128e11,2.92057776128e11,0.0,216711.99859313472,736475.1381741186
N16384__b2048__constant_b16__fp16_fp32__rows4,16384,2048,constant_b16,constant,128,128,fp16_fp32,4,142606336,4.299254,4.221307,5.85369,5.840901,2.25875,2.244219,11.943503,11.942733,5.287660431654676,6.558004,2,6.18475290624e11,6.18475290624e11,0.0,273813.07830614276,736475.1381741186
N16384__b2048__constant_b8__fp16_fp32__rows4,16384,2048,constant_b8,constant,256,256,fp16_fp32,4,301989888,2.703436,2.602204,6.25472,5.773671,4.609809,4.583029,11.943503,11.942733,2.590888906677044,7.313245,2,1.37438953472e12,1.37438953472e12,0.0,298144.5727404324,736475.1381741186
N16384__b2048__uniform_b32_b8__fp16_fp32__rows4,16384,2048,uniform_b32_b8,uniform,64,256,fp16_fp32,4,182571520,2.301334,2.242066,4.167737,4.14314,3.10113,3.10046,11.943503,11.942733,3.8513390280317177,5.402464,3,7.24951597056e11,7.453802496e11,2.7407021523528172,240357.6275744648,736475.1381741186
N16384__b2048__skewed_b32_b8__fp16_fp32__rows4,16384,2048,skewed_b32_b8,skewed,64,256,fp16_fp32,4,139369856,2.381584,2.361054,3.878745,3.823732,2.403658,2.403417,11.943503,11.942733,4.9688861726585065,4.785242,2,5.43253225472e11,5.5785029632e11,2.6166645324548994,232083.88893927506,736475.1381741186
N16384__b2048__constant_b32__fp32_tf32__rows4,16384,2048,constant_b32,constant,64,64,fp32_tf32,4,138412032,2.392791,2.191239,3.464735,3.40725,2.101946,2.084059,23.760738,23.199058,11.3041619527809,4.494737,2,2.92057776128e11,2.92057776128e11,0.0,138946.37451580583,370194.43681454676
N16384__b2048__constant_b16__fp32_tf32__rows4,16384,2048,constant_b16,constant,128,128,fp32_tf32,4,285212672,3.173289,3.060871,4.766063,4.662939,3.650714,3.64178,23.760738,23.199058,6.508518059754887,6.824002999999999,3,6.18475290624e11,6.18475290624e11,0.0,169412.1453019875,370194.43681454676
N16384__b2048__constant_b8__fp32_tf32__rows4,16384,2048,constant_b8,constant,256,256,fp32_tf32,4,603979776,2.628633,2.587853,8.507181,8.43325,7.540845,7.535417,23.760738,23.199058,3.1509383895306162,10.169478,3,1.37438953472e12,1.37438953472e12,0.0,182259.35352337835,370194.43681454676
N16384__b2048__uniform_b32_b8__fp32_tf32__rows4,16384,2048,uniform_b32_b8,uniform,64,256,fp32_tf32,4,365143040,2.911176,2.593111,6.068071,6.017466,4.642878,4.640945,23.760738,23.199058,5.117674425216428,7.554054,3,7.24951597056e11,7.453802496e11,2.7407021523528172,160542.71716810134,370194.43681454676
N16384__b2048__skewed_b32_b8__fp32_tf32__rows4,16384,2048,skewed_b32_b8,skewed,64,256,fp32_tf32,4,278739712,4.290511,4.177452,15.895108,6.382752,3.604194,3.592997,23.760738,23.199058,6.592524708714348,7.894705,1,5.43253225472e11,5.5785029632e11,2.6166645324548994,154778.0991589243,370194.43681454676
N16384__b2048__constant_b32__fp32__rows4,16384,2048,constant_b32,constant,64,64,fp32,4,138412032,2.2914,2.287994,8.349115,8.346681,7.513635,7.500494,163.689046,163.601765,21.78559991269206,9.805035,3,2.92057776128e11,2.92057776128e11,0.0,38870.370483527615,53736.601422968764
N16384__b2048__constant_b16__fp32__rows4,16384,2048,constant_b16,constant,128,128,fp32,4,285212672,2.810316,2.675494,14.348523,14.287482,13.568416,13.565191,163.689046,163.601765,12.063976075026002,16.378732,4,6.18475290624e11,6.18475290624e11,0.0,45581.98175999321,53736.601422968764
N16384__b2048__constant_b8__fp32__rows4,16384,2048,constant_b8,constant,256,256,fp32,4,603979776,3.663142,3.537835,30.579283,30.369609,29.921729,29.826647,163.689046,163.601765,5.470574444411284,33.584871,6,1.37438953472e12,1.37438953472e12,0.0,45932.824761563745,53736.601422968764
N16384__b2048__uniform_b32_b8__fp32__rows4,16384,2048,uniform_b32_b8,uniform,64,256,fp32,4,365143040,2.665609,2.560481,19.125212,19.092192,18.622108,18.602699,163.689046,163.601765,8.79003848543892,21.287717,6,7.24951597056e11,7.453802496e11,2.7407021523528172,40026.631227785816,53736.601422968764
N16384__b2048__skewed_b32_b8__fp32__rows4,16384,2048,skewed_b32_b8,skewed,64,256,fp32,4,278739712,2.811036,2.622785,14.530035,14.529503,13.997648,13.983146,163.689046,163.601765,11.694039312890279,16.808684,6,5.43253225472e11,5.5785029632e11,2.6166645324548994,39853.14506551386,53736.601422968764
N16384__b4096__constant_b32__fp16_fp32__rows4,16384,4096,constant_b32,constant,128,128,fp16_fp32,4,69206016,0.689042,0.608581,1.842667,1.775567,1.146906,1.146876,11.943503,11.942733,10.413672088209497,1.8359480000000001,1,2.92057776128e11,2.92057776128e11,0.0,254648.39849822043,736475.1381741186
N16384__b4096__constant_b16__fp16_fp32__rows4,16384,4096,constant_b16,constant,256,256,fp16_fp32,4,142606336,1.667706,1.327617,3.363093,3.195212,2.094084,2.083007,11.943503,11.942733,5.703449813856559,3.76179,2,6.18475290624e11,6.18475290624e11,0.0,295344.06959033164,736475.1381741186
N16384__b4096__constant_b8__fp16_fp32__rows4,16384,4096,constant_b8,constant,512,512,fp16_fp32,4,301989888,1.248839,1.217602,4.990728,4.872572,4.415929,4.412704,11.943503,11.942733,2.704641084582655,5.6647680000000005,3,1.37438953472e12,1.37438953472e12,0.0,311234.5181999077,736475.1381741186
N16384__b4096__uniform_b32_b8__fp16_fp32__rows4,16384,4096,uniform_b32_b8,uniform,128,512,fp16_fp32,4,173455616,1.114738,1.099936,3.45505,3.340069,2.619019,2.615244,11.943503,11.942733,4.560296431602825,3.733757,2,7.54489884672e11,7.63818409984e11,1.2213014494106536,291642.943401327,736475.1381741186
N16384__b4096__skewed_b32_b8__fp16_fp32__rows4,16384,4096,skewed_b32_b8,skewed,128,512,fp16_fp32,4,135401472,1.117182,1.073576,2.903324,2.90047,2.070048,2.069357,11.943503,11.942733,5.769674423008548,3.1872299999999996,2,5.81926682624e11,5.89517815808e11,1.2876851183191986,284784.6116650435,736475.1381741186
N16384__b4096__constant_b32__fp32_tf32__rows4,16384,4096,constant_b32,constant,128,128,fp32_tf32,4,138412032,0.714549,0.677925,2.382476,2.376457,1.833063,1.825603,23.760738,23.199058,12.962313897558348,2.547612,2,2.92057776128e11,2.92057776128e11,0.0,159327.73512312453,370194.43681454676
N16384__b4096__constant_b16__fp32_tf32__rows4,16384,4096,constant_b16,constant,256,256,fp32_tf32,4,285212672,0.817844,0.659827,3.732736,3.660268,3.358556,3.356152,23.760738,23.199058,7.074688645953796,4.1764,3,6.18475290624e11,6.18475290624e11,0.0,184149.1672683141,370194.43681454676
N16384__b4096__constant_b8__fp32_tf32__rows4,16384,4096,constant_b8,constant,512,512,fp32_tf32,4,603979776,0.794038,0.729151,14.371617,7.415798,7.255208,7.244992,23.760738,23.199058,3.274990599855993,8.049246,1,1.37438953472e12,1.37438953472e12,0.0,189434.890732285,370194.43681454676
N16384__b4096__uniform_b32_b8__fp32_tf32__rows4,16384,4096,uniform_b32_b8,uniform,128,512,fp32_tf32,4,346911232,1.171593,1.1562,5.203638,5.05179,4.464812,4.463589,23.760738,23.199058,5.321777938242416,5.636405,2,7.54489884672e11,7.63818409984e11,1.2213014494106536,171075.15612841034,370194.43681454676
N16384__b4096__skewed_b32_b8__fp32_tf32__rows4,16384,4096,skewed_b32_b8,skewed,128,512,fp32_tf32,4,270802944,1.114157,1.103481,4.202479,4.201888,3.527169,3.527068,23.760738,23.199058,6.7364898024449635,4.641326,2,5.81926682624e11,5.89517815808e11,1.2876851183191986,167136.25454521744,370194.43681454676
N16384__b4096__constant_b32__fp32__rows4,16384,4096,constant_b32,constant,128,128,fp32,4,138412032,0.840828,0.763422,6.98268,6.942169,6.740076,6.729131,163.689046,163.601765,24.285934758005695,7.580904,4,2.92057776128e11,2.92057776128e11,0.0,43331.52565757419,53736.601422968764
N16384__b4096__constant_b16__fp32__rows4,16384,4096,constant_b16,constant,256,256,fp32,4,285212672,1.288448,1.08268,13.760683,13.71848,13.30448,13.298061,163.689046,163.601765,12.303302797253256,14.592928,3,6.18475290624e11,6.18475290624e11,0.0,46486.2430267098,53736.601422968764
N16384__b4096__constant_b8__fp32__rows4,16384,4096,constant_b8,constant,512,512,fp32,4,603979776,1.345914,1.085364,29.400138,29.381611,28.872279,28.825348,163.689046,163.601765,5.66941896065773,30.218193,3,1.37438953472e12,1.37438953472e12,0.0,47602.39171698223,53736.601422968764
N16384__b4096__uniform_b32_b8__fp32__rows4,16384,4096,uniform_b32_b8,uniform,128,512,fp32,4,346911232,1.163381,1.08944,16.703908,16.682235,16.233194,16.219914,163.689046,163.601765,10.083600676490406,17.396575000000002,3,7.54489884672e11,7.63818409984e11,1.2213014494106536,47052.87264995416,53736.601422968764
N16384__b4096__skewed_b32_b8__fp32__rows4,16384,4096,skewed_b32_b8,skewed,128,512,fp32,4,270802944,1.306865,0.97546,13.150831,13.014557,12.640156,12.639515,163.689046,163.601765,12.949922928166393,13.947021,3,5.81926682624e11,5.89517815808e11,1.2876851183191986,46638.49210468605,53736.601422968764
N32768__b2048__constant_b32__fp16_fp32__rows4,32768,2048,constant_b32,constant,64,64,fp16_fp32,4,276824064,10.404311,10.202018,14.328684,14.237777,9.417915,9.417433,99.040247,97.485701,10.516154265567272,19.822226,3,2.336462209024e12,2.336462209024e12,0.0,248086.99261184668,710506.5497026072
N32768__b2048__constant_b16__fp16_fp32__rows4,32768,2048,constant_b16,constant,128,128,fp16_fp32,4,570425344,9.775099,9.761258,19.663567,19.537108,16.907041,16.839091,99.040247,97.485701,5.857929072272316,26.68214,4,4.947802324992e12,4.947802324992e12,0.0,292647.443452228,710506.5497026072
N32768__b2048__constant_b8__fp16_fp32__rows4,32768,2048,constant_b8,constant,256,256,fp16_fp32,4,1207959552,11.765638,10.834494,41.54302,39.95208,38.733385,37.951395,99.040247,97.485701,2.556973706274316,50.499022999999994,5,1.099511627776e13,1.099511627776e13,0.0,283866.6508945707,710506.5497026072
N32768__b2048__uniform_b32_b8__fp16_fp32__rows4,32768,2048,uniform_b32_b8,uniform,64,256,fp16_fp32,4,752201344,11.765177,11.123898,27.973853,27.548468,25.368235,24.726214,99.040247,97.485701,3.9041047593575193,37.133412,5,6.187483365376e12,6.34718257152e12,2.516064479704352,250201.97784828153,710506.5497026072
N32768__b2048__skewed_b32_b8__fp16_fp32__rows4,32768,2048,skewed_b32_b8,skewed,64,256,fp16_fp32,4,601253888,49.700118,41.850761,73.455027,30.439263,19.408465,18.995677,99.040247,97.485701,5.102940752913741,69.10858300000001,1,4.76291862528e12,4.900072718336e12,2.799021584777128,252470.90474882995,710506.5497026072
N32768__b2048__constant_b32__fp32_tf32__rows4,32768,2048,constant_b32,constant,64,64,fp32_tf32,4,553648128,9.438845,9.434208,17.001363,16.952881,14.503114,14.470586,199.951735,195.063038,13.786813990429918,23.941959,4,2.336462209024e12,2.336462209024e12,0.0,161100.72699035532,351928.6500697981
N32768__b2048__constant_b16__fp32_tf32__rows4,32768,2048,constant_b16,constant,128,128,fp32_tf32,4,1140850688,9.514739,9.424995,78.552958,75.68786,30.161648,28.297508,199.951735,195.063038,6.6293371966942924,39.676387,1,4.947802324992e12,4.947802324992e12,0.0,164042.83761258668,351928.6500697981
N32768__b2048__constant_b8__fp32_tf32__rows4,32768,2048,constant_b8,constant,256,256,fp32_tf32,4,2415919104,13.936586,11.357837,64.614548,63.337447,64.060468,63.747841,199.951735,195.063038,3.1212968191240815,77.997054,26,1.099511627776e13,1.099511627776e13,0.0,171636.52750335823,351928.6500697981
N32768__b2048__uniform_b32_b8__fp32_tf32__rows4,32768,2048,uniform_b32_b8,uniform,64,256,fp32_tf32,4,1504402688,11.362485,11.157398,44.683109,40.84758,39.494745,39.079353,199.951735,195.063038,5.062742777551798,50.85723,3,6.187483365376e12,6.34718257152e12,2.516064479704352,160709.54684021886,351928.6500697981
N32768__b2048__skewed_b32_b8__fp32_tf32__rows4,32768,2048,skewed_b32_b8,skewed,64,256,fp32_tf32,4,1202507776,11.862623,11.739599,33.317971,32.35514,31.900089,30.61105,199.951735,195.063038,6.268061979388208,43.762712,9,4.76291862528e12,4.900072718336e12,2.799021584777128,153606.86668729983,351928.6500697981
N32768__b2048__constant_b32__fp32__rows4,32768,2048,constant_b32,constant,64,64,fp32,4,553648128,10.792251,9.482631,55.919335,55.919095,53.709878,53.666754,1341.943171,1335.310666,24.985034801233393,64.502129,5,2.336462209024e12,2.336462209024e12,0.0,43501.536328643306,52437.946478185106
N32768__b2048__constant_b16__fp32__rows4,32768,2048,constant_b16,constant,128,128,fp32,4,1140850688,14.917124,11.435173,108.382628,107.288231,105.599784,105.599523,1341.943171,1335.310666,12.707821173194823,120.516908,6,4.947802324992e12,4.947802324992e12,0.0,46854.284521945614,52437.946478185106
N32768__b2048__constant_b8__fp32__rows4,32768,2048,constant_b8,constant,256,256,fp32,4,2415919104,16.931269,11.909032,236.970314,233.595764,233.911045,233.835673,1341.943171,1335.310666,5.736980786862801,250.842314,6,1.099511627776e13,1.099511627776e13,0.0,47005.54553873247,52437.946478185106
N32768__b2048__uniform_b32_b8__fp32__rows4,32768,2048,uniform_b32_b8,uniform,64,256,fp32,4,1504402688,15.830171,12.239937,152.700762,152.503557,151.254247,151.210341,1341.943171,1335.310666,8.872102421031522,167.084418,11,6.187483365376e12,6.34718257152e12,2.516064479704352,41963.66513609367,52437.946478185106
N32768__b2048__skewed_b32_b8__fp32__rows4,32768,2048,skewed_b32_b8,skewed,64,256,fp32,4,1202507776,15.419706,12.735459,119.756119,119.170553,117.942415,117.933241,1341.943171,1335.310666,11.377952291378804,133.362121,9,4.76291862528e12,4.900072718336e12,2.799021584777128,41546.31493967628,52437.946478185106
N32768__b4096__constant_b32__fp16_fp32__rows4,32768,4096,constant_b32,constant,128,128,fp16_fp32,4,276824064,2.59956,2.564277,9.065356,9.016053,7.872431,7.8646,99.040247,97.485701,12.580643387030003,10.471991,3,2.336462209024e12,2.336462209024e12,0.0,296790.4334790613,710506.5497026072
N32768__b4096__constant_b16__fp16_fp32__rows4,32768,4096,constant_b16,constant,256,256,fp16_fp32,4,570425344,3.922671,3.640799,17.686028,17.397987,16.268887,16.144601,99.040247,97.485701,6.087708827284866,20.191558,3,4.947802324992e12,4.947802324992e12,0.0,304126.66367355065,710506.5497026072
N32768__b4096__constant_b8__fp16_fp32__rows4,32768,4096,constant_b8,constant,512,512,fp16_fp32,4,1207959552,4.109831,3.780057,37.065259,36.716107,37.74739,37.384296,99.040247,97.485701,2.6237641066044564,41.857221,Inf,1.099511627776e13,1.099511627776e13,0.0,291281.4972839182,710506.5497026072
N32768__b4096__uniform_b32_b8__fp16_fp32__rows4,32768,4096,uniform_b32_b8,uniform,128,512,fp16_fp32,4,725868032,4.024053,3.968019,22.757798,22.569365,22.783166,21.425033,99.040247,97.485701,4.347080076579347,26.807219000000003,Inf,5.8013700096e12,5.891374972928e12,1.5277412105253885,258584.56076420634,710506.5497026072
N32768__b4096__skewed_b32_b8__fp16_fp32__rows4,32768,4096,skewed_b32_b8,skewed,128,512,fp16_fp32,4,550918656,4.263972,3.938844,17.765456,17.71418,16.267435,15.946134,99.040247,97.485701,6.0882522044809155,20.531406999999998,3,4.352313950208e12,4.412907978752e12,1.3731088170376125,271272.513383456,710506.5497026072
N32768__b4096__constant_b32__fp32_tf32__rows4,32768,4096,constant_b32,constant,128,128,fp32_tf32,4,553648128,2.379971,2.294864,13.912921,13.757278,12.893385,12.866506,199.951735,195.063038,15.508086898824475,15.273356,3,2.336462209024e12,2.336462209024e12,0.0,181214.02634172485,351928.6500697981
N32768__b4096__constant_b16__fp32_tf32__rows4,32768,4096,constant_b16,constant,256,256,fp32_tf32,4,1140850688,2.554132,2.404749,37.922913,28.087444,28.81361,28.514643,199.951735,195.063038,6.939489185839609,31.367742,1,4.947802324992e12,4.947802324992e12,0.0,171717.54337592548,351928.6500697981
N32768__b4096__constant_b8__fp32_tf32__rows4,32768,4096,constant_b8,constant,512,512,fp32_tf32,4,2415919104,19.318971,15.154008,154.665603,69.111076,62.916246,61.577042,199.951735,195.063038,3.178062070009708,82.235217,1,1.099511627776e13,1.099511627776e13,0.0,174757.9834588351,351928.6500697981
N32768__b4096__uniform_b32_b8__fp32_tf32__rows4,32768,4096,uniform_b32_b8,uniform,128,512,fp32_tf32,4,1451736064,4.313536,3.887167,35.098586,34.628522,35.199467,34.442014,199.951735,195.063038,5.68053303193483,39.513003,Inf,5.8013700096e12,5.891374972928e12,1.5277412105253885,167371.14152688734,351928.6500697981
N32768__b4096__skewed_b32_b8__fp32_tf32__rows4,32768,4096,skewed_b32_b8,skewed,128,512,fp32_tf32,4,1101837312,4.150051,4.124473,27.861576,27.225624,27.506505,25.764537,199.951735,195.063038,7.269252673140408,31.656556000000002,12,4.352313950208e12,4.412907978752e12,1.3731088170376125,160431.4317195878,351928.6500697981
N32768__b4096__constant_b32__fp32__rows4,32768,4096,constant_b32,constant,128,128,fp32,4,553648128,4.20916,3.829471,50.991631,49.910202,49.394731,49.385437,1341.943171,1335.310666,27.167739227084766,53.603891,3,2.336462209024e12,2.336462209024e12,0.0,47301.85106229245,52437.946478185106
N32768__b4096__constant_b16__fp32__rows4,32768,4096,constant_b16,constant,256,256,fp32,4,1140850688,4.065675,3.800758,103.488064,103.035646,102.328608,102.232924,1341.943171,1335.310666,13.114056735727313,106.394283,4,4.947802324992e12,4.947802324992e12,0.0,48352.09255452786,52437.946478185106
N32768__b4096__constant_b8__fp32__rows4,32768,4096,constant_b8,constant,512,512,fp32,4,2415919104,6.081492,4.004523,235.530549,225.82914,226.822707,226.41669,1341.943171,1335.310666,5.916264684205536,232.904199,1,1.099511627776e13,1.099511627776e13,0.0,48474.49544705416,52437.946478185106
N32768__b4096__uniform_b32_b8__fp32__rows4,32768,4096,uniform_b32_b8,uniform,128,512,fp32,4,1451736064,4.307016,4.112214,134.99221,134.942806,134.098894,134.035589,1341.943171,1335.310666,10.007115875243533,138.40591,5,5.8013700096e12,5.891374972928e12,1.5277412105253885,43933.061617406034,52437.946478185106
N32768__b4096__skewed_b32_b8__fp32__rows4,32768,4096,skewed_b32_b8,skewed,128,512,fp32,4,1101837312,2.32581,2.273943,101.499497,101.420799,100.756245,100.675694,1341.943171,1335.310666,13.31870963432589,103.08205500000001,4,4.352313950208e12,4.412907978752e12,1.3731088170376125,43797.860656200515,52437.946478185106
N32768__b8192__constant_b32__fp16_fp32__rows4,32768,8192,constant_b32,constant,256,256,fp16_fp32,4,276824064,1.211203,1.077152,8.612319,8.546841,8.166261,8.101244,99.040247,97.485701,12.127979622497982,9.377464,3,2.336462209024e12,2.336462209024e12,0.0,286111.6255069487,710506.5497026072
N32768__b8192__constant_b16__fp16_fp32__rows4,32768,8192,constant_b16,constant,512,512,fp16_fp32,4,570425344,1.325644,1.215179,17.070236,16.573092,17.758526,17.492759,99.040247,97.485701,5.577053354540799,19.08417,Inf,4.947802324992e12,4.947802324992e12,0.0,278615.5970935876,710506.5497026072
N32768__b8192__constant_b8__fp16_fp32__rows4,32768,8192,constant_b8,constant,1024,1024,fp16_fp32,4,1207959552,0.716753,0.62138,39.506002,38.398225,38.730602,38.66304,99.040247,97.485701,2.557157438451383,39.447354999999995,1,1.099511627776e13,1.099511627776e13,0.0,283887.0482250702,710506.5497026072
N32768__b8192__uniform_b32_b8__fp16_fp32__rows4,32768,8192,uniform_b32_b8,uniform,256,1024,fp16_fp32,4,688425216,1.633885,1.344382,315.352986,22.710777,20.833178,20.597905,99.040247,97.485701,4.7539673015802,22.467063,1,6.035064356864e12,6.060773474304e12,0.4241887202846226,290919.29586086195,710506.5497026072
N32768__b8192__skewed_b32_b8__fp16_fp32__rows4,32768,8192,skewed_b32_b8,skewed,256,1024,fp16_fp32,4,539830016,0.946707,0.914699,16.333905,16.212062,16.585571,16.407905,99.040247,97.485701,5.971470442591333,17.532278,Inf,4.659115098112e12,4.699931541504e12,0.8684476152803398,283374.7202013123,710506.5497026072
N32768__b8192__constant_b32__fp32_tf32__rows4,32768,8192,constant_b32,constant,256,256,fp32_tf32,4,553648128,0.901799,0.820618,13.343859,13.274636,13.90565,13.881614,199.951735,195.063038,14.379172135067401,14.807449,Inf,2.336462209024e12,2.336462209024e12,0.0,168022.50948528116,351928.6500697981
N32768__b8192__constant_b16__fp32_tf32__rows4,32768,8192,constant_b16,constant,512,512,fp32_tf32,4,1140850688,1.58343,1.218955,39.065984,28.870736,29.517664,29.487439,199.951735,195.063038,6.773968800512128,31.101094,1,4.947802324992e12,4.947802324992e12,0.0,167621.74422040986,351928.6500697981
N32768__b8192__constant_b8__fp32_tf32__rows4,32768,8192,constant_b8,constant,1024,1024,fp32_tf32,4,2415919104,1.514296,1.43692,72.064287,62.150711,63.562183,63.526018,199.951735,195.063038,3.1457656984499733,65.07647899999999,1,1.099511627776e13,1.099511627776e13,0.0,172982.04307677728,351928.6500697981
N32768__b8192__uniform_b32_b8__fp32_tf32__rows4,32768,8192,uniform_b32_b8,uniform,256,1024,fp32_tf32,4,1376850432,1.301368,1.292484,38.377223,37.989152,37.431778,36.592612,199.951735,195.063038,5.341764289155594,38.733146000000005,2,6.035064356864e12,6.060773474304e12,0.4241887202846226,161915.1907318963,351928.6500697981
N32768__b8192__skewed_b32_b8__fp32_tf32__rows4,32768,8192,skewed_b32_b8,skewed,256,1024,fp32_tf32,4,1079660032,1.083892,0.973587,29.150555,27.432524,28.944697,27.865812,199.951735,195.063038,6.908061086284649,30.028589,6,4.659115098112e12,4.699931541504e12,0.8684476152803398,162376.25640040386,351928.6500697981
N32768__b8192__constant_b32__fp32__rows4,32768,8192,constant_b32,constant,256,256,fp32,4,553648128,1.299145,1.147928,51.102096,50.95773,50.415218,50.343751,1341.943171,1335.310666,26.617819464749708,51.714363000000006,2,2.336462209024e12,2.336462209024e12,0.0,46344.38373397493,52437.946478185106
N32768__b8192__constant_b16__fp32__rows4,32768,8192,constant_b16,constant,512,512,fp32,4,1140850688,1.333125,1.105875,106.403647,106.163868,105.708166,105.648616,1341.943171,1335.310666,12.694791914183808,107.041291,2,4.947802324992e12,4.947802324992e12,0.0,46806.24508225788,52437.946478185106
N32768__b8192__constant_b8__fp32__rows4,32768,8192,constant_b8,constant,1024,1024,fp32,4,2415919104,4.61083,1.903038,232.185523,231.744263,234.296302,233.736003,1341.943171,1335.310666,5.727547381434983,238.907132,Inf,1.099511627776e13,1.099511627776e13,0.0,46928.253599837015,52437.946478185106
N32768__b8192__uniform_b32_b8__fp32__rows4,32768,8192,uniform_b32_b8,uniform,256,1024,fp32,4,1376850432,1.277962,1.26296,122.493686,122.244172,122.044384,121.94869,1341.943171,1335.310666,10.995533977212748,123.322346,3,6.035064356864e12,6.060773474304e12,0.4241887202846226,49660.404482880585,52437.946478185106
N32768__b8192__skewed_b32_b8__fp32__rows4,32768,8192,skewed_b32_b8,skewed,256,1024,fp32,4,1079660032,2.000634,0.814179,98.40071,98.311336,95.120421,95.034693,1341.943171,1335.310666,14.107834646778949,97.121055,1,4.659115098112e12,4.699931541504e12,0.8684476152803398,49410.3315785787,52437.946478185106
N65536__b4096__constant_b32__fp16_fp32__rows4,65536,4096,constant_b32,constant,128,128,fp16_fp32,4,1107296256,9.695535,9.563387,68.799625,68.206647,66.471472,66.392905,875.571722,854.11925,13.172142810377359,76.16700700000001,5,1.8691697672192e13,1.8691697672192e13,0.0,281198.7926518612,642951.2731811501
N65536__b4096__constant_b16__fp16_fp32__rows4,65536,4096,constant_b16,constant,256,256,fp16_fp32,4,2281701376,15.824514,11.834194,141.495539,140.232961,148.42072,140.336836,875.571722,854.11925,5.899255319607668,164.24523399999998,Inf,3.9582418599936e13,3.9582418599936e13,0.0,266690.6520864203,642951.2731811501
N65536__b4096__constant_b8__fp16_fp32__rows4,65536,4096,constant_b8,constant,512,512,fp16_fp32,4,4831838208,16.8181,12.116297,320.989937,309.555561,321.704036,315.746342,875.571722,854.11925,2.7216684406160203,338.522136,Inf,8.796093022208e13,8.796093022208e13,0.0,273421.90454234777,642951.2731811501
N65536__b4096__uniform_b32_b8__fp16_fp32__rows4,65536,4096,uniform_b32_b8,uniform,128,512,fp16_fp32,4,2973254912,14.349067,11.282188,197.883629,196.424034,199.145717,198.0853,875.571722,854.11925,4.396638477542552,213.49478399999998,Inf,4.9504430718976e13,5.0150982549504e13,1.2892106947053115,251830.58568868946,642951.2731811501
N65536__b4096__skewed_b32_b8__fp16_fp32__rows4,65536,4096,skewed_b32_b8,skewed,128,512,fp16_fp32,4,2375678336,19.390619,19.074887,186.733859,156.119089,151.223995,151.123224,875.571722,854.11925,5.789899427005615,170.61461400000002,1,3.8133229862912e13,3.8697400532992e13,1.457903275955212,255894.57898524636,642951.2731811501
N65536__b4096__constant_b32__fp32_tf32__rows4,65536,4096,constant_b32,constant,128,128,fp32_tf32,4,2214592512,9.604879,9.572251,274.681454,116.603903,115.738048,114.36901,1801.867818,1784.279821,15.56850015303524,125.342927,1,1.8691697672192e13,1.8691697672192e13,0.0,161500.02523104587,312425.77718390216
N65536__b4096__constant_b16__fp32_tf32__rows4,65536,4096,constant_b16,constant,256,256,fp32_tf32,4,4563402752,16.104503,11.974865,284.83236,273.057244,269.185732,267.656264,1801.867818,1784.279821,6.693771637198067,285.290235,2,3.9582418599936e13,3.9582418599936e13,0.0,147045.00979991019,312425.77718390216
N65536__b4096__constant_b8__fp32_tf32__rows4,65536,4096,constant_b8,constant,512,512,fp32_tf32,4,9663676416,16.038855,11.317592,659.439932,657.325418,664.425361,646.810398,1801.867818,1784.279821,2.711919086423915,680.464216,Inf,8.796093022208e13,8.796093022208e13,0.0,132386.47316185152,312425.77718390216
N65536__b4096__uniform_b32_b8__fp32_tf32__rows4,65536,4096,uniform_b32_b8,uniform,128,512,fp32_tf32,4,5946509824,10.699066,10.5077,405.205878,383.173497,384.562925,382.95539,1801.867818,1784.279821,4.685495404945757,395.261991,1,4.9504430718976e13,5.0150982549504e13,1.2892106947053115,130410.3419473003,312425.77718390216
N65536__b4096__skewed_b32_b8__fp32_tf32__rows4,65536,4096,skewed_b32_b8,skewed,128,512,fp32_tf32,4,4751356672,16.407226,13.259227,293.158851,284.38188,284.02724,282.281699,1801.867818,1784.279821,6.343996505405608,300.434466,2,3.8133229862912e13,3.8697400532992e13,1.457903275955212,136245.3845377366,312425.77718390216
N65536__b4096__constant_b32__fp32__rows4,65536,4096,constant_b32,constant,128,128,fp32,4,2214592512,9.378882,9.339433,389.625991,388.464312,391.297161,388.421158,10727.456326,10695.811889,27.415114126013297,400.676043,Inf,1.8691697672192e13,1.8691697672192e13,0.0,47768.54916203187,52477.487329116164
N65536__b4096__constant_b16__fp32__rows4,65536,4096,constant_b16,constant,256,256,fp32,4,4563402752,16.622349,11.136531,839.102915,835.137173,834.846138,834.269645,10727.456326,10695.811889,12.849620831569325,851.468487,4,3.9582418599936e13,3.9582418599936e13,0.0,47412.83069807529,52477.487329116164
N65536__b4096__constant_b8__fp32__rows4,65536,4096,constant_b8,constant,512,512,fp32,4,9663676416,17.464198,11.909858,1837.140334,1834.227503,1836.46696,1834.992586,10727.456326,10695.811889,5.841355472030926,1853.9311579999999,26,8.796093022208e13,8.796093022208e13,0.0,47896.821526307234,52477.487329116164
N65536__b4096__uniform_b32_b8__fp32__rows4,65536,4096,uniform_b32_b8,uniform,128,512,fp32,4,5946509824,64.356944,27.151191,1136.120303,1135.28909,1134.81933,1131.10308,10727.456326,10695.811889,9.453008106585564,1199.176274,50,4.9504430718976e13,5.0150982549504e13,1.2892106947053115,44192.92236545178,52477.487329116164
N65536__b4096__skewed_b32_b8__fp32__rows4,65536,4096,skewed_b32_b8,skewed,128,512,fp32,4,4751356672,18.279228,12.083618,878.5914,878.04285,877.647189,876.797569,10727.456326,10695.811889,12.222971212638384,895.926417,20,3.8133229862912e13,3.8697400532992e13,1.457903275955212,44092.20586359333,52477.487329116164
N65536__b8192__constant_b32__fp16_fp32__rows4,65536,8192,constant_b32,constant,256,256,fp16_fp32,4,1107296256,3.904732,3.683611,68.301486,68.164421,67.999484,66.398429,875.571722,854.11925,12.876152442568536,71.90421599999999,13,1.8691697672192e13,1.8691697672192e13,0.0,274879.992798063,642951.2731811501
N65536__b8192__constant_b16__fp16_fp32__rows4,65536,8192,constant_b16,constant,512,512,fp16_fp32,4,2281701376,3.908087,3.801999,143.897165,143.026633,156.970785,147.464202,875.571722,854.11925,5.577927905501651,160.878872,Inf,3.9582418599936e13,3.9582418599936e13,0.0,252164.23935152008,642951.2731811501
N65536__b8192__constant_b8__fp16_fp32__rows4,65536,8192,constant_b8,constant,1024,1024,fp16_fp32,4,4831838208,4.036809,3.673686,340.63724,330.173705,349.801421,343.409297,875.571722,854.11925,2.503053645399571,353.83823,Inf,8.796093022208e13,8.796093022208e13,0.0,251459.6137734958,642951.2731811501
N65536__b8192__uniform_b32_b8__fp16_fp32__rows4,65536,8192,uniform_b32_b8,uniform,256,1024,fp16_fp32,4,2880733696,4.255246,3.951743,192.680782,190.274721,194.528196,190.718906,875.571722,854.11925,4.5010016028730355,198.783442,Inf,4.6410461609984e13,4.6706441846784e13,0.6337032432719554,240101.14115685318,642951.2731811501
N65536__b8192__skewed_b32_b8__fp16_fp32__rows4,65536,8192,skewed_b32_b8,skewed,256,1024,fp16_fp32,4,2196253696,3.969849,3.935127,138.03834,137.532013,157.941528,144.124486,875.571722,854.11925,5.543644746807819,161.91137700000002,Inf,3.4846665900032e13,3.5154584141824e13,0.8758978361108374,222579.7393945942,642951.2731811501
N65536__b8192__constant_b32__fp32_tf32__rows4,65536,8192,constant_b32,constant,256,256,fp32_tf32,4,2214592512,3.925844,3.921016,115.104979,112.980812,130.954062,118.9755,1801.867818,1784.279821,13.759541250427192,134.879906,Inf,1.8691697672192e13,1.8691697672192e13,0.0,142734.76810663575,312425.77718390216
N65536__b8192__constant_b16__fp32_tf32__rows4,65536,8192,constant_b16,constant,512,512,fp32_tf32,4,4563402752,3.813005,3.788588,315.720734,315.108919,307.741366,288.457575,1801.867818,1784.279821,5.855136868405269,311.554371,1,3.9582418599936e13,3.9582418599936e13,0.0,128622.35296614625,312425.77718390216
N65536__b8192__constant_b8__fp32_tf32__rows4,65536,8192,constant_b8,constant,1024,1024,fp32_tf32,4,9663676416,3.819325,3.727577,724.627988,714.028128,718.675682,714.230673,1801.867818,1784.279821,2.5072057718518987,722.4950070000001,1,8.796093022208e13,8.796093022208e13,0.0,122393.0799735617,312425.77718390216
N65536__b8192__uniform_b32_b8__fp32_tf32__rows4,65536,8192,uniform_b32_b8,uniform,256,1024,fp32_tf32,4,5761467392,4.08439,3.97688,399.618727,394.214602,393.987953,387.273347,1801.867818,1784.279821,4.573408410789656,398.072343,1,4.6410461609984e13,4.6706441846784e13,0.6337032432719554,118547.89338389745,312425.77718390216
N65536__b8192__skewed_b32_b8__fp32_tf32__rows4,65536,8192,skewed_b32_b8,skewed,256,1024,fp32_tf32,4,4392507392,3.822048,3.757312,297.875257,264.889477,296.14546,275.041696,1801.867818,1784.279821,6.084401287124239,299.967508,3,3.4846665900032e13,3.5154584141824e13,0.8758978361108374,118707.1520253054,312425.77718390216
N65536__b8192__constant_b32__fp32__rows4,65536,8192,constant_b32,constant,256,256,fp32,4,2214592512,3.835127,3.780286,391.327795,388.155418,399.431889,394.754902,10727.456326,10695.811889,26.856784902319102,403.267016,Inf,1.8691697672192e13,1.8691697672192e13,0.0,46795.70707032858,52477.487329116164
N65536__b8192__constant_b16__fp32__rows4,65536,8192,constant_b16,constant,512,512,fp32,4,4563402752,3.979434,3.695639,840.682276,838.15855,832.418222,829.020258,10727.456326,10695.811889,12.887099348000577,836.397656,1,3.9582418599936e13,3.9582418599936e13,0.0,47551.119802295725,52477.487329116164
N65536__b8192__constant_b8__fp32__rows4,65536,8192,constant_b8,constant,1024,1024,fp32,4,9663676416,2.665889,2.657356,1867.504991,1867.346873,1867.757403,1867.036934,10727.456326,10695.811889,5.743495546460966,1870.4232920000002,Inf,8.796093022208e13,8.796093022208e13,0.0,47094.40855691257,52477.487329116164
N65536__b8192__uniform_b32_b8__fp32__rows4,65536,8192,uniform_b32_b8,uniform,256,1024,fp32,4,5761467392,4.041707,3.680707,1050.204869,1048.564574,1046.409673,1044.423631,10727.456326,10695.811889,10.251679244559122,1050.4513800000002,2,4.6410461609984e13,4.6706441846784e13,0.6337032432719554,44634.9484833021,52477.487329116164
N65536__b8192__skewed_b32_b8__fp32__rows4,65536,8192,skewed_b32_b8,skewed,256,1024,fp32,4,4392507392,5.135794,3.982478,790.464715,789.697737,793.678654,785.797803,10727.456326,10695.811889,13.51612050032531,798.8144480000001,Inf,3.4846665900032e13,3.5154584141824e13,0.8758978361108374,44293.22114769134,52477.487329116164
N65536__b16384__constant_b32__fp16_fp32__rows4,65536,16384,constant_b32,constant,512,512,fp16_fp32,4,1107296256,1.057823,1.030672,73.113338,72.070547,70.845796,70.226178,875.571722,854.11925,12.35883808828967,71.903619,1,1.8691697672192e13,1.8691697672192e13,0.0,263836.37036405096,642951.2731811501
N65536__b16384__constant_b16__fp16_fp32__rows4,65536,16384,constant_b16,constant,1024,1024,fp16_fp32,4,2281701376,1.468808,1.387827,156.252285,147.257208,152.108015,151.532063,875.571722,854.11925,5.756249741343348,153.576823,1,3.9582418599936e13,3.9582418599936e13,0.0,260225.7257774089,642951.2731811501
N65536__b16384__constant_b8__fp16_fp32__rows4,65536,16384,constant_b8,constant,2048,2048,fp16_fp32,4,4831838208,1.304322,1.208158,374.355299,364.075168,385.89188,384.632125,875.571722,854.11925,2.268956066139562,387.196202,Inf,8.796093022208e13,8.796093022208e13,0.0,227941.90492445708,642951.2731811501
N65536__b16384__uniform_b32_b8__fp16_fp32__rows4,65536,16384,uniform_b32_b8,uniform,512,2048,fp16_fp32,4,2749542400,1.160236,1.001969,244.671024,238.575153,240.065303,238.39927,875.571722,854.11925,3.6472231141207443,241.225539,1,4.8280504107008e13,4.8401462853632e13,0.24990721249435,201617.90249893797,642951.2731811501
N65536__b16384__skewed_b32_b8__fp16_fp32__rows4,65536,16384,skewed_b32_b8,skewed,512,2048,fp16_fp32,4,2151092224,1.12991,0.939676,176.109826,175.49088,189.926207,177.528048,875.571722,854.11925,4.610062696613532,191.056117,Inf,3.7270759079936e13,3.74501015552e13,0.4788838155743213,197182.38018200407,642951.2731811501
N65536__b16384__constant_b32__fp32_tf32__rows4,65536,16384,constant_b32,constant,512,512,fp32_tf32,4,2214592512,1.161497,1.078364,148.049303,145.037548,128.52302,124.838908,1801.867818,1784.279821,14.019806086100372,129.684517,1,1.8691697672192e13,1.8691697672192e13,0.0,145434.62853730016,312425.77718390216
N65536__b16384__constant_b16__fp32_tf32__rows4,65536,16384,constant_b16,constant,1024,1024,fp32_tf32,4,4563402752,1.178163,1.168318,339.51768,331.190139,339.724629,338.827857,1801.867818,1784.279821,5.303906941642432,340.902792,Inf,3.9582418599936e13,3.9582418599936e13,0.0,116513.24402487169,312425.77718390216
N65536__b16384__constant_b8__fp32_tf32__rows4,65536,16384,constant_b8,constant,2048,2048,fp32_tf32,4,9663676416,1.167206,1.12926,770.279855,749.298344,764.023185,732.04452,1801.867818,1784.279821,2.3583941605122885,765.190391,1,8.796093022208e13,8.796093022208e13,0.0,115128.61382875443,312425.77718390216
N65536__b16384__uniform_b32_b8__fp32_tf32__rows4,65536,16384,uniform_b32_b8,uniform,512,2048,fp32_tf32,4,5499084800,1.16989,1.024784,411.710091,351.094782,356.598106,349.443432,1801.867818,1784.279821,5.052937151606745,357.767996,1,4.8280504107008e13,4.8401462853632e13,0.24990721249435,135731.1271126942,312425.77718390216
N65536__b16384__skewed_b32_b8__fp32_tf32__rows4,65536,16384,skewed_b32_b8,skewed,512,2048,fp32_tf32,4,4302184448,1.20327,1.057512,313.594316,249.630256,272.144691,262.456275,1801.867818,1784.279821,6.620991985472903,273.347961,1,3.7270759079936e13,3.74501015552e13,0.4788838155743213,137610.99442208116,312425.77718390216
N65536__b16384__constant_b32__fp32__rows4,65536,16384,constant_b32,constant,512,512,fp32,4,2214592512,1.191122,1.04922,389.173785,387.371559,397.506743,397.071311,10727.456326,10695.811889,26.98685371986256,398.697865,Inf,1.8691697672192e13,1.8691697672192e13,0.0,47022.3411334484,52477.487329116164
N65536__b16384__constant_b16__fp32__rows4,65536,16384,constant_b16,constant,1024,1024,fp32,4,4563402752,1.154097,1.061198,839.105054,835.827761,832.854664,832.527364,10727.456326,10695.811889,12.880346103218796,834.0087609999999,1,3.9582418599936e13,3.9582418599936e13,0.0,47526.20152216138,52477.487329116164
N65536__b16384__constant_b8__fp32__rows4,65536,16384,constant_b8,constant,2048,2048,fp32,4,9663676416,1.067948,1.059576,1838.459684,1838.044404,1835.758738,1835.562884,10727.456326,10695.811889,5.843609023311646,1836.8266859999999,1,8.796093022208e13,8.796093022208e13,0.0,47915.299762054026,52477.487329116164
N65536__b16384__uniform_b32_b8__fp32__rows4,65536,16384,uniform_b32_b8,uniform,512,2048,fp32,4,5499084800,1.181638,1.077192,995.265092,994.946356,994.478567,993.634755,10727.456326,10695.811889,10.787016112736394,995.660205,2,4.8280504107008e13,4.8401462853632e13,0.24990721249435,48670.19205817836,52477.487329116164
N65536__b16384__skewed_b32_b8__fp32__rows4,65536,16384,skewed_b32_b8,skewed,512,2048,fp32,4,4302184448,0.731604,0.684904,780.455445,774.621906,776.98376,768.532876,10727.456326,10695.811889,13.80653866690856,777.7153639999999,1,3.7270759079936e13,3.74501015552e13,0.4788838155743213,48199.33630942299,52477.487329116164
