case_id,N,tile_size,profile,distribution,min_rank,max_rank,precision,workspace_bytes,analysis_ms,analysis_min_ms,transient_median_ms,transient_min_ms,analyzed_median_ms,analyzed_min_ms,dense_median_ms,speedup_vs_dense,exact_flops,executed_flops,padding_waste_pct,executed_gflops,dense_gflops
N4096__b256__constant_b32__fp16_fp32,4096,256,constant_b32,constant,8,8,fp16_fp32,65536,246.385053,239.990343,286.739194,272.949308,4.867404,4.628046,0.219057,0.045004893779106894,8.589934592e9,8.589934592e9,0.0,1764.787675730225,627411.8310394099
N4096__b256__constant_b16__fp16_fp32,4096,256,constant_b16,constant,16,16,fp16_fp32,131072,797.956407,453.951734,272.132796,265.11977,4.834345,4.819723,0.219057,0.04531265352390034,1.7179869184e10,1.7179869184e10,0.0,3553.711864585585,627411.8310394099
N4096__b256__constant_b8__fp16_fp32,4096,256,constant_b8,constant,32,32,fp16_fp32,262144,250.350097,249.604751,719.690821,687.400547,5.19174,5.177298,0.219057,0.04219336869719978,3.4359738368e10,3.4359738368e10,0.0,6618.154678007759,627411.8310394099
N4096__b256__uniform_b32_b8__fp16_fp32,4096,256,uniform_b32_b8,uniform,8,32,fp16_fp32,262144,133.294559,89.35328,911.390825,901.528997,787.428132,770.74985,0.219057,0.00027819300720640245,2.1806186496e10,2.5300041728e10,13.809681697612731,32.12996932652134,627411.8310394099
N4096__b256__skewed_b32_b8__fp16_fp32,4096,256,skewed_b32_b8,skewed,8,32,fp16_fp32,262144,83.82573,79.256139,634.396685,626.597828,533.288607,521.527284,0.219057,0.000410766322634003,1.7515413504e10,2.0770193408e10,15.67043618739903,38.94737884021588,627411.8310394099
N4096__b256__constant_b32__fp32_tf32,4096,256,constant_b32,constant,8,8,fp32_tf32,131072,240.848963,237.74246,282.357945,275.427475,7.848724,7.834873,0.54167,0.0690137658044798,8.589934592e9,8.589934592e9,0.0,1094.437082002119,253731.89113666993
N4096__b256__constant_b16__fp32_tf32,4096,256,constant_b16,constant,16,16,fp32_tf32,262144,255.526098,253.120322,274.913451,271.750603,8.624102,8.590152,0.54167,0.06280885824402355,1.7179869184e10,1.7179869184e10,0.0,1992.0762977988898,253731.89113666993
N4096__b256__constant_b8__fp32_tf32,4096,256,constant_b8,constant,32,32,fp32_tf32,524288,275.553955,252.574749,275.815123,272.627157,10.009714,9.96037,0.54167,0.0541144332395511,3.4359738368e10,3.4359738368e10,0.0,3432.639370915093,253731.89113666993
N4096__b256__uniform_b32_b8__fp32_tf32,4096,256,uniform_b32_b8,uniform,8,32,fp32_tf32,524288,118.180438,104.239457,835.270696,822.832079,684.195509,677.832545,0.54167,0.0007916889147543351,2.1806186496e10,2.5300041728e10,13.809681697612731,36.977795666881526,253731.89113666993
N4096__b256__skewed_b32_b8__fp32_tf32,4096,256,skewed_b32_b8,skewed,8,32,fp32_tf32,524288,106.36741,105.304852,1089.338223,562.534796,408.931548,403.56794,0.54167,0.0013245982185752026,1.7515413504e10,2.0770193408e10,15.67043618739903,50.79136963040083,253731.89113666993
N4096__b256__constant_b32__fp32,4096,256,constant_b32,constant,8,8,fp32,131072,245.727662,242.432105,280.01512,273.198981,20.752916,20.719927,2.738795,0.13197157450066296,8.589934592e9,8.589934592e9,0.0,413.91458395533425,50182.27120759312
N4096__b256__constant_b16__fp32,4096,256,constant_b16,constant,16,16,fp32,262144,260.658888,257.65042,280.311308,276.187573,23.502327,23.492473,2.738795,0.11653292884572664,1.7179869184e10,1.7179869184e10,0.0,730.9858799939257,50182.27120759312
N4096__b256__constant_b8__fp32,4096,256,constant_b8,constant,32,32,fp32,524288,258.710969,252.298091,282.00855,275.208603,28.625837,28.623834,2.738795,0.09567563037545418,3.4359738368e10,3.4359738368e10,0.0,1200.305107864619,50182.27120759312
N4096__b256__uniform_b32_b8__fp32,4096,256,uniform_b32_b8,uniform,8,32,fp32,524288,107.986249,95.763915,1224.847884,864.975892,794.154339,786.880145,2.738795,0.0034486936172239435,2.1806186496e10,2.5300041728e10,13.809681697612731,31.857839824759807,50182.27120759312
N4096__b256__skewed_b32_b8__fp32,4096,256,skewed_b32_b8,skewed,8,32,fp32,524288,111.537129,109.777358,524.786817,519.031061,440.501074,427.097476,2.738795,0.006217453626458127,1.7515413504e10,2.0770193408e10,15.67043618739903,47.151288916040194,50182.27120759312
N4096__b512__constant_b32__fp16_fp32,4096,512,constant_b32,constant,16,16,fp16_fp32,131072,25.789077,25.187799,30.382715,30.132071,1.247475,1.245101,0.219057,0.17560031263151568,8.589934592e9,8.589934592e9,0.0,6885.857104952003,627411.8310394099
N4096__b512__constant_b16__fp16_fp32,4096,512,constant_b16,constant,32,32,fp16_fp32,262144,25.107518,25.093638,89.467555,33.641718,1.417069,1.414304,0.219057,0.15458456857076122,1.7179869184e10,1.7179869184e10,0.0,12123.52340217731,627411.8310394099
N4096__b512__constant_b8__fp16_fp32,4096,512,constant_b8,constant,64,64,fp16_fp32,524288,26.0044,25.41571,29.438394,29.08153,1.412952,1.401084,0.219057,0.15503499057292816,3.4359738368e10,3.4359738368e10,0.0,24317.696827634627,627411.8310394099
N4096__b512__uniform_b32_b8__fp16_fp32,4096,512,uniform_b32_b8,uniform,16,64,fp16_fp32,524288,6.141211,6.080661,56.368698,56.353876,51.96893,51.751535,0.219057,0.0042151531694033335,2.1449670656e10,2.3420993536e10,8.416905444126074,450.6729989630343,627411.8310394099
N4096__b512__skewed_b32_b8__fp16_fp32,4096,512,skewed_b32_b8,skewed,16,64,fp16_fp32,524288,6.244015,6.156034,37.802459,37.417384,31.745754,31.732895,0.219057,0.006900355871213517,1.6793993216e10,1.8522046464e10,9.329710144927537,583.4495682162723,627411.8310394099
N4096__b512__constant_b32__fp32_tf32,4096,512,constant_b32,constant,16,16,fp32_tf32,262144,25.520216,25.381548,30.108226,29.358394,2.088492,2.063055,0.54167,0.2593593846660653,8.589934592e9,8.589934592e9,0.0,4112.984197210236,253731.89113666993
N4096__b512__constant_b16__fp32_tf32,4096,512,constant_b16,constant,32,32,fp32_tf32,524288,26.034334,25.531523,29.79654,29.374468,2.251797,2.242293,0.54167,0.240550102873394,1.7179869184e10,1.7179869184e10,0.0,7629.404064398345,253731.89113666993
N4096__b512__constant_b8__fp32_tf32,4096,512,constant_b8,constant,64,64,fp32_tf32,1048576,25.575969,25.345395,30.701863,29.472215,2.64151,2.622331,0.54167,0.2050607417726982,3.4359738368e10,3.4359738368e10,0.0,13007.61245196876,253731.89113666993
N4096__b512__uniform_b32_b8__fp32_tf32,4096,512,uniform_b32_b8,uniform,16,64,fp32_tf32,1048576,8.339278,8.290325,50.141749,49.860598,41.510774,41.488932,0.54167,0.01304890147314526,2.1449670656e10,2.3420993536e10,8.416905444126074,564.214811701656,253731.89113666993
N4096__b512__skewed_b32_b8__fp32_tf32,4096,512,skewed_b32_b8,skewed,16,64,fp32_tf32,1048576,8.985034,8.968539,33.108942,32.801383,22.478779,22.390957,0.54167,0.024096949393915035,1.6793993216e10,1.8522046464e10,9.329710144927537,823.9792056321209,253731.89113666993
N4096__b512__constant_b32__fp32,4096,512,constant_b32,constant,16,16,fp32,262144,27.103313,26.6799,29.342592,29.178766,5.470369,5.436678,2.738795,0.5006600103210588,8.589934592e9,8.589934592e9,0.0,1570.266026295484,50182.27120759312
N4096__b512__constant_b16__fp32,4096,512,constant_b16,constant,32,32,fp32,524288,26.782814,25.604973,29.550152,29.389201,6.167742,6.13288,2.738795,0.44405148594088406,1.7179869184e10,1.7179869184e10,0.0,2785.4390122025206,50182.27120759312
N4096__b512__constant_b8__fp32,4096,512,constant_b8,constant,64,64,fp32,1048576,27.077105,25.365274,31.208682,29.216453,8.204537,8.085399,2.738795,0.3338146930168028,3.4359738368e10,3.4359738368e10,0.0,4187.89486451216,50182.27120759312
N4096__b512__uniform_b32_b8__fp32,4096,512,uniform_b32_b8,uniform,16,64,fp32,1048576,8.502162,8.345567,123.591027,54.679815,46.55051,46.430441,2.738795,0.05883490857565255,2.1449670656e10,2.3420993536e10,8.416905444126074,503.1307613171155,50182.27120759312
N4096__b512__skewed_b32_b8__fp32,4096,512,skewed_b32_b8,skewed,16,64,fp32,1048576,9.056691,9.050481,34.405752,34.174847,24.128837,24.059753,2.738795,0.11350712842065284,1.6793993216e10,1.8522046464e10,9.329710144927537,767.6311321594158,50182.27120759312
N4096__b1024__constant_b32__fp16_fp32,4096,1024,constant_b32,constant,32,32,fp16_fp32,262144,4.772496,4.735991,5.501225,5.475307,0.408211,0.40802,0.219057,0.5366268914850408,8.589934592e9,8.589934592e9,0.0,21042.87878572601,627411.8310394099
N4096__b1024__constant_b16__fp16_fp32,4096,1024,constant_b16,constant,64,64,fp16_fp32,524288,4.805034,4.758425,8.561951,8.303565,0.433568,0.430553,0.219057,0.5052425455753192,1.7179869184e10,1.7179869184e10,0.0,39624.39382980294,627411.8310394099
N4096__b1024__constant_b8__fp16_fp32,4096,1024,constant_b8,constant,128,128,fp16_fp32,1048576,4.777553,4.734859,5.65175,5.568405,0.472056,0.471866,0.219057,0.46404875692714426,3.4359738368e10,3.4359738368e10,0.0,72787.4200688054,627411.8310394099
N4096__b1024__uniform_b32_b8__fp16_fp32,4096,1024,uniform_b32_b8,uniform,32,128,fp16_fp32,917504,1.363729,1.346664,5.407275,5.366544,3.744288,3.733081,0.219057,0.05850431377073558,2.030043136e10,2.1206401024e10,4.272151898734177,5663.6671709013835,627411.8310394099
N4096__b1024__skewed_b32_b8__fp16_fp32,4096,1024,skewed_b32_b8,skewed,32,128,fp16_fp32,851968,1.302678,1.298051,4.596602,4.520739,3.000537,2.982089,0.219057,0.07300593193818307,1.602224128e10,1.6911433728e10,5.257936507936508,5636.13570770832,627411.8310394099
N4096__b1024__constant_b32__fp32_tf32,4096,1024,constant_b32,constant,32,32,fp32_tf32,524288,4.805505,4.739346,5.669367,5.560844,0.751654,0.734668,0.54167,0.720637420941018,8.589934592e9,8.589934592e9,0.0,11428.043477451061,253731.89113666993
N4096__b1024__constant_b16__fp32_tf32,4096,1024,constant_b16,constant,64,64,fp32_tf32,1048576,4.836702,4.81544,5.710978,5.57117,0.793716,0.785704,0.54167,0.6824481300616342,1.7179869184e10,1.7179869184e10,0.0,21644.856830402816,253731.89113666993
N4096__b1024__constant_b8__fp32_tf32,4096,1024,constant_b8,constant,128,128,fp32_tf32,2097152,4.816222,4.812836,8.333931,5.628175,0.908909,0.901948,0.54167,0.5959562508457943,3.4359738368e10,3.4359738368e10,0.0,37803.276640455755,253731.89113666993
N4096__b1024__uniform_b32_b8__fp32_tf32,4096,1024,uniform_b32_b8,uniform,32,128,fp32_tf32,1835008,2.350524,2.332167,7.04888,7.037191,6.581401,6.572356,0.54167,0.08230314487751164,2.030043136e10,2.1206401024e10,4.272151898734177,3222.1712404395357,253731.89113666993
N4096__b1024__skewed_b32_b8__fp32_tf32,4096,1024,skewed_b32_b8,skewed,32,128,fp32_tf32,1703936,1.981914,1.965499,6.687599,6.662482,6.288272,6.261421,0.54167,0.0861397216914281,1.602224128e10,1.6911433728e10,5.257936507936508,2689.361040362122,253731.89113666993
N4096__b1024__constant_b32__fp32,4096,1024,constant_b32,constant,32,32,fp32,524288,4.821869,4.792094,5.582306,5.560093,2.126419,2.124376,2.738795,1.287984635201247,8.589934592e9,8.589934592e9,0.0,4039.624642180116,50182.27120759312
N4096__b1024__constant_b16__fp32,4096,1024,constant_b16,constant,64,64,fp32,1048576,5.628265,5.594695,9.586564,9.366114,2.383704,2.373779,2.738795,1.1489660629004275,1.7179869184e10,1.7179869184e10,0.0,7207.215822098717,50182.27120759312
N4096__b1024__constant_b8__fp32,4096,1024,constant_b8,constant,128,128,fp32,2097152,4.825836,4.792085,5.653273,5.637369,2.925785,2.920456,2.738795,0.9360889470689063,3.4359738368e10,3.4359738368e10,0.0,11743.767354060534,50182.27120759312
N4096__b1024__uniform_b32_b8__fp32,4096,1024,uniform_b32_b8,uniform,32,128,fp32,1835008,2.415812,2.390955,5.34384,5.327846,2.965965,2.90953,2.738795,0.9234077273332625,2.030043136e10,2.1206401024e10,4.272151898734177,7149.916139940963,50182.27120759312
N4096__b1024__skewed_b32_b8__fp32,4096,1024,skewed_b32_b8,skewed,32,128,fp32,1703936,2.050146,2.03999,4.532998,4.504886,2.563713,2.476744,2.738795,1.0682923556575952,1.602224128e10,1.6911433728e10,5.257936507936508,6596.461354293558,50182.27120759312
N8192__b512__constant_b32__fp16_fp32,8192,512,constant_b32,constant,16,16,fp16_fp32,262144,253.134393,249.722173,277.067808,269.754413,5.984528,5.95233,1.537199,0.2568621953143172,6.8719476736e10,6.8719476736e10,0.0,11482.85658217323,715269.5440056883
N8192__b512__constant_b16__fp16_fp32,8192,512,constant_b16,constant,32,32,fp16_fp32,524288,251.913121,249.86003,279.044605,272.191949,6.663894,6.659387,1.537199,0.23067578806025427,1.37438953472e11,1.37438953472e11,0.0,20624.420717376357,715269.5440056883
N8192__b512__constant_b8__fp16_fp32,8192,512,constant_b8,constant,64,64,fp16_fp32,1048576,715.13251,458.068768,272.245652,268.446232,8.258829,8.224678,1.537199,0.1861279607556955,2.74877906944e11,2.74877906944e11,0.0,33282.915404108746,715269.5440056883
N8192__b512__uniform_b32_b8__fp16_fp32,8192,512,uniform_b32_b8,uniform,16,64,fp16_fp32,1048576,100.218138,95.753753,768.942115,751.88379,627.450609,626.647257,1.537199,0.002449912356368436,1.74264942592e11,1.88307472384e11,7.457234497505346,300.11521175206957,715269.5440056883
N8192__b512__skewed_b32_b8__fp16_fp32,8192,512,skewed_b32_b8,skewed,16,64,fp16_fp32,1048576,131.827582,131.307184,158.556528,158.246184,4.144888,4.144828,1.537199,0.370866233297498,1.40307857408e11,1.543503872e11,9.097826086956522,37238.735328916,715269.5440056883
N8192__b512__constant_b32__fp32_tf32,8192,512,constant_b32,constant,16,16,fp32_tf32,524288,448.332696,261.668037,268.762794,266.59917,11.396912,11.353206,2.752996,0.24155630928798957,6.8719476736e10,6.8719476736e10,0.0,6029.6575718054155,399387.2957955624
N8192__b512__constant_b16__fp32_tf32,8192,512,constant_b16,constant,32,32,fp32_tf32,1048576,255.586065,254.018242,272.825933,271.166272,12.86077,12.848091,2.752996,0.21406152197729994,1.37438953472e11,1.37438953472e11,0.0,10686.681549549521,399387.2957955624
N8192__b512__constant_b8__fp32_tf32,8192,512,constant_b8,constant,64,64,fp32_tf32,2097152,256.64368,251.684414,272.230134,266.5561,16.060714,16.025302,2.752996,0.17141180647385912,2.74877906944e11,2.74877906944e11,0.0,17114.924463756717,399387.2957955624
N8192__b512__uniform_b32_b8__fp32_tf32,8192,512,uniform_b32_b8,uniform,16,64,fp32_tf32,2097152,115.255048,108.196934,531.110163,530.862643,461.78822,424.587465,2.752996,0.005961598587335121,1.74264942592e11,1.88307472384e11,7.457234497505346,407.7788566888952,399387.2957955624
N8192__b512__skewed_b32_b8__fp32_tf32,8192,512,skewed_b32_b8,skewed,16,64,fp32_tf32,2097152,134.519144,133.719949,160.75216,159.563753,8.195965,8.182716,2.752996,0.3358965051705321,1.40307857408e11,1.543503872e11,9.097826086956522,18832.484911782813,399387.2957955624
N8192__b512__constant_b32__fp32,8192,512,constant_b32,constant,16,16,fp32,524288,263.119922,251.755818,277.79929,275.502075,34.130405,34.126559,21.298458,0.6240317980404861,6.8719476736e10,6.8719476736e10,0.0,2013.4386549471064,51624.00150170496
N8192__b512__constant_b16__fp32,8192,512,constant_b16,constant,32,32,fp32,1048576,257.170738,255.569623,271.796846,270.108933,42.471468,42.12469,21.298458,0.5014768502939432,1.37438953472e11,1.37438953472e11,0.0,3236.0302090806,51624.00150170496
N8192__b512__constant_b8__fp32,8192,512,constant_b8,constant,64,64,fp32,2097152,255.407223,253.018761,752.544906,266.271469,54.12218,54.114568,21.298458,0.39352550100531797,2.74877906944e11,2.74877906944e11,0.0,5078.840263714433,51624.00150170496
N8192__b512__uniform_b32_b8__fp32,8192,512,uniform_b32_b8,uniform,16,64,fp32,2097152,125.048828,119.262235,593.928193,591.280593,469.592464,468.078189,21.298458,0.04535519547860547,1.74264942592e11,1.88307472384e11,7.457234497505346,401.00190445986374,51624.00150170496
N8192__b512__skewed_b32_b8__fp32,8192,512,skewed_b32_b8,skewed,16,64,fp32,2097152,133.43517,133.376843,159.260678,159.078605,28.307479,28.243864,21.298458,0.7523968489034294,1.40307857408e11,1.543503872e11,9.097826086956522,5452.636287392459,51624.00150170496
N8192__b1024__constant_b32__fp16_fp32,8192,1024,constant_b32,constant,32,32,fp16_fp32,524288,28.837862,25.103208,196.854944,105.804203,1.685981,1.684129,1.537199,0.911753453923858,6.8719476736e10,6.8719476736e10,0.0,40759.342327108076,715269.5440056883
N8192__b1024__constant_b16__fp16_fp32,8192,1024,constant_b16,constant,64,64,fp16_fp32,1048576,25.085892,24.793434,29.412612,29.200695,1.863937,1.862275,1.537199,0.8247054487356601,1.37438953472e11,1.37438953472e11,0.0,73735.83628202026,715269.5440056883
N8192__b1024__constant_b8__fp16_fp32,8192,1024,constant_b8,constant,128,128,fp16_fp32,2097152,25.03794,24.9645,29.537619,29.191641,2.584474,2.56746,1.537199,0.5947821490949415,2.74877906944e11,2.74877906944e11,0.0,106357.38914146554,715269.5440056883
N8192__b1024__uniform_b32_b8__fp16_fp32,8192,1024,uniform_b32_b8,uniform,32,128,fp16_fp32,2097152,5.890789,5.814615,57.443188,57.298932,52.392845,52.078335,1.537199,0.029339865014010976,1.71698028544e11,1.80120190976e11,4.675856929955291,3437.8776524924347,715269.5440056883
N8192__b1024__skewed_b32_b8__fp16_fp32,8192,1024,skewed_b32_b8,skewed,32,128,fp16_fp32,2097152,14.258412,13.920056,15.794338,15.753297,1.466803,1.440824,1.537199,1.0479928115772874,1.34586826752e11,1.41733920768e11,5.042613636363637,96627.78216843025,715269.5440056883
N8192__b1024__constant_b32__fp32_tf32,8192,1024,constant_b32,constant,32,32,fp32_tf32,1048576,25.327494,25.308355,29.857808,29.57793,3.073186,3.064943,2.752996,0.895811708110085,6.8719476736e10,6.8719476736e10,0.0,22360.988477755658,399387.2957955624
N8192__b1024__constant_b16__fp32_tf32,8192,1024,constant_b16,constant,64,64,fp32_tf32,2097152,25.311409,25.252251,29.915584,29.359092,3.509909,3.505142,2.752996,0.7843496797210412,1.37438953472e11,1.37438953472e11,0.0,39157.412192737764,399387.2957955624
N8192__b1024__constant_b8__fp32_tf32,8192,1024,constant_b8,constant,128,128,fp32_tf32,4194304,25.147334,25.145491,29.808475,29.165072,4.316124,4.315393,2.752996,0.6378398767041911,2.74877906944e11,2.74877906944e11,0.0,63686.28587686545,399387.2957955624
N8192__b1024__uniform_b32_b8__fp32_tf32,8192,1024,uniform_b32_b8,uniform,32,128,fp32_tf32,4194304,7.736759,7.644982,48.474817,48.453635,41.221921,41.183384,2.752996,0.06678475755654376,1.71698028544e11,1.80120190976e11,4.675856929955291,4369.52443278905,399387.2957955624
N8192__b1024__skewed_b32_b8__fp32_tf32,8192,1024,skewed_b32_b8,skewed,32,128,fp32_tf32,4194304,13.74922,13.703351,84.015453,23.25159,3.011343,3.00963,2.752996,0.9142087102000669,1.34586826752e11,1.41733920768e11,5.042613636363637,47066.681134629966,399387.2957955624
N8192__b1024__constant_b32__fp32,8192,1024,constant_b32,constant,32,32,fp32,1048576,25.33204,25.259182,29.636758,29.321106,9.719794,9.559645,21.298458,2.1912458226995346,6.8719476736e10,6.8719476736e10,0.0,7070.054852602843,51624.00150170496
N8192__b1024__constant_b16__fp32,8192,1024,constant_b16,constant,64,64,fp32,2097152,25.2783,25.243979,29.877878,29.359353,11.589991,11.574618,21.298458,1.8376595805812102,1.37438953472e11,1.37438953472e11,0.0,11858.417618443362,51624.00150170496
N8192__b1024__constant_b8__fp32,8192,1024,constant_b8,constant,128,128,fp32,4194304,31.881084,25.767351,148.115787,131.153682,14.714113,14.706091,21.298458,1.4474850097997753,2.74877906944e11,2.74877906944e11,0.0,18681.242079899752,51624.00150170496
N8192__b1024__uniform_b32_b8__fp32,8192,1024,uniform_b32_b8,uniform,32,128,fp32,4194304,7.834956,7.726574,53.045622,52.770081,45.656684,45.652497,21.298458,0.46649156561611005,1.71698028544e11,1.80120190976e11,4.675856929955291,3945.1001517324385,51624.00150170496
N8192__b1024__skewed_b32_b8__fp32,8192,1024,skewed_b32_b8,skewed,32,128,fp32,4194304,13.800788,13.770032,15.978404,15.84932,10.213292,10.179352,21.298458,2.08536659874211,1.34586826752e11,1.41733920768e11,5.042613636363637,13877.398273543928,51624.00150170496
N8192__b2048__constant_b32__fp16_fp32,8192,2048,constant_b32,constant,64,64,fp16_fp32,1048576,4.810653,4.791014,5.579934,5.557871,0.731865,0.72951,1.537199,2.100386000150301,6.8719476736e10,6.8719476736e10,0.0,93896.38353521483,715269.5440056883
N8192__b2048__constant_b16__fp16_fp32,8192,2048,constant_b16,constant,128,128,fp16_fp32,2097152,4.902881,4.889642,5.68445,5.629769,0.94287,0.941037,1.537199,1.630340343843796,1.37438953472e11,1.37438953472e11,0.0,145766.59928940362,715269.5440056883
N8192__b2048__constant_b8__fp16_fp32,8192,2048,constant_b8,constant,256,256,fp16_fp32,4194304,4.88834,4.790293,5.626824,5.598081,1.124502,1.115087,1.537199,1.3670042383206078,2.74877906944e11,2.74877906944e11,0.0,244444.12454935606,715269.5440056883
N8192__b2048__uniform_b32_b8__fp16_fp32,8192,2048,uniform_b32_b8,uniform,64,256,fp16_fp32,3670016,1.375858,1.369979,5.436249,5.411032,4.896432,4.892376,1.537199,0.31394268316194324,1.62537668608e11,1.65893111808e11,2.0226537216828477,33880.40757188091,715269.5440056883
N8192__b2048__skewed_b32_b8__fp16_fp32,8192,2048,skewed_b32_b8,skewed,64,256,fp16_fp32,3276800,1.374425,1.374315,4.982141,4.964223,4.462563,4.4539,1.537199,0.3444655011032897,1.2817793024e11,1.30459631616e11,1.7489711934156378,29234.238623858084,715269.5440056883
N8192__b2048__constant_b32__fp32_tf32,8192,2048,constant_b32,constant,64,64,fp32_tf32,2097152,4.907299,4.76749,5.744851,5.738812,1.295006,1.294996,2.752996,2.1258557875407527,6.8719476736e10,6.8719476736e10,0.0,53064.98713982792,399387.2957955624
N8192__b2048__constant_b16__fp32_tf32,8192,2048,constant_b16,constant,128,128,fp32_tf32,4194304,4.846167,4.814089,5.766233,5.721416,1.485882,1.485211,2.752996,1.852768927815264,1.37438953472e11,1.37438953472e11,0.0,92496.54647677272,399387.2957955624
N8192__b2048__constant_b8__fp32_tf32,8192,2048,constant_b8,constant,256,256,fp32_tf32,8388608,4.984183,4.746488,5.766754,5.70362,2.505016,2.491856,2.752996,1.098993379683004,2.74877906944e11,2.74877906944e11,0.0,109730.99850220517,399387.2957955624
N8192__b2048__uniform_b32_b8__fp32_tf32,8192,2048,uniform_b32_b8,uniform,64,256,fp32_tf32,7340032,2.396434,2.33333,17.911033,17.902872,17.375333,17.370606,2.752996,0.15844277631974016,1.62537668608e11,1.65893111808e11,2.0226537216828477,9547.62201150332,399387.2957955624
N8192__b2048__skewed_b32_b8__fp32_tf32,8192,2048,skewed_b32_b8,skewed,64,256,fp32_tf32,6553600,1.899922,1.882505,19.08574,19.051599,18.593915,18.498152,2.752996,0.1480589752077494,1.2817793024e11,1.30459631616e11,1.7489711934156378,7016.2540603202715,399387.2957955624
N8192__b2048__constant_b32__fp32,8192,2048,constant_b32,constant,64,64,fp32,2097152,4.907889,4.842982,5.815506,5.716919,4.424246,4.424035,21.298458,4.814031136604972,6.8719476736e10,6.8719476736e10,0.0,15532.471914084343,51624.00150170496
N8192__b2048__constant_b16__fp32,8192,2048,constant_b16,constant,128,128,fp32,4194304,5.019476,5.009271,6.084839,5.990408,5.184623,5.179746,21.298458,4.108005152930116,1.37438953472e11,1.37438953472e11,0.0,26508.958022984505,51624.00150170496
N8192__b2048__constant_b8__fp32,8192,2048,constant_b8,constant,256,256,fp32,8388608,4.987318,4.962721,10.339011,10.316107,9.553657,9.540056,21.298458,2.2293513363521424,2.74877906944e11,2.74877906944e11,0.0,28772.00918391774,51624.00150170496
N8192__b2048__uniform_b32_b8__fp32,8192,2048,uniform_b32_b8,uniform,64,256,fp32,7340032,3.433545,2.743162,8.304588,8.284569,7.816108,7.753654,21.298458,2.7249441793793023,1.62537668608e11,1.65893111808e11,2.0226537216828477,21224.51632039885,51624.00150170496
N8192__b2048__skewed_b32_b8__fp32,8192,2048,skewed_b32_b8,skewed,64,256,fp32,6553600,2.026811,1.832991,7.464122,7.172786,6.287101,6.267412,21.298458,3.38764368506248,1.2817793024e11,1.30459631616e11,1.7489711934156378,20750.36358028923,51624.00150170496
N16384__b1024__constant_b32__fp16_fp32,16384,1024,constant_b32,constant,32,32,fp16_fp32,1048576,334.134975,251.033805,270.865632,264.826099,8.580651,8.489485,11.949579,1.3926191614132775,5.49755813888e11,5.49755813888e11,0.0,64069.24298494368,736100.6628106312
N16384__b1024__constant_b16__fp16_fp32,16384,1024,constant_b16,constant,64,64,fp16_fp32,2097152,248.088774,245.982544,264.607986,261.231717,11.401269,11.38829,11.949579,1.0480920150204334,1.099511627776e12,1.099511627776e12,0.0,96437.65336788388,736100.6628106312
N16384__b1024__constant_b8__fp16_fp32,16384,1024,constant_b8,constant,128,128,fp16_fp32,4194304,812.821366,249.781337,270.272058,267.775675,18.493246,18.486956,11.949579,0.6461590896481884,2.199023255552e12,2.199023255552e12,0.0,118909.53354278638,736100.6628106312
N16384__b1024__uniform_b32_b8__fp16_fp32,16384,1024,uniform_b32_b8,uniform,32,128,fp16_fp32,4194304,524.128526,248.611701,880.935303,865.341642,815.391213,796.515845,11.949579,0.014655025476709424,1.392643145728e12,1.450088333312e12,3.96149574231766,1778.3958303607571,736100.6628106312
N16384__b1024__skewed_b32_b8__fp16_fp32,16384,1024,skewed_b32_b8,skewed,32,128,fp16_fp32,4194304,58.16329,58.156901,707.700324,679.067474,645.766591,641.076727,11.949579,0.01850448624400887,1.124878778368e12,1.181652877312e12,4.804634257155838,1829.8451697263479,736100.6628106312
N16384__b1024__constant_b32__fp32_tf32,16384,1024,constant_b32,constant,32,32,fp32_tf32,2097152,253.48158,251.240029,271.89115,266.270686,21.248696,21.191892,24.268252,1.142105473201744,5.49755813888e11,5.49755813888e11,0.0,25872.44948527665,362452.68189105665
N16384__b1024__constant_b16__fp32_tf32,16384,1024,constant_b16,constant,64,64,fp32_tf32,4194304,252.712932,250.603689,279.275706,267.501568,26.96784,26.833559,24.268252,0.8998960243015385,1.099511627776e12,1.099511627776e12,0.0,40771.215928899015,362452.68189105665
N16384__b1024__constant_b8__fp32_tf32,16384,1024,constant_b8,constant,128,128,fp32_tf32,8388608,248.669709,239.657371,275.289828,264.969043,41.747542,41.691088,24.268252,0.5813097211807104,2.199023255552e12,2.199023255552e12,0.0,52674.31686282273,362452.68189105665
N16384__b1024__uniform_b32_b8__fp32_tf32,16384,1024,uniform_b32_b8,uniform,32,128,fp32_tf32,8388608,88.044389,82.69548,672.302876,671.057594,662.423914,591.512579,24.268252,0.03663553124683841,1.392643145728e12,1.450088333312e12,3.96149574231766,2189.0639855613667,362452.68189105665
N16384__b1024__skewed_b32_b8__fp32_tf32,16384,1024,skewed_b32_b8,skewed,32,128,fp32_tf32,8388608,67.828548,66.133282,818.667052,552.1048,496.787114,496.597961,24.268252,0.04885040556828936,1.124878778368e12,1.181652877312e12,4.804634257155838,2378.5900318501417,362452.68189105665
N16384__b1024__constant_b32__fp32,16384,1024,constant_b32,constant,32,32,fp32,2097152,252.292936,249.864404,269.069415,266.432712,75.476135,75.416306,163.586634,2.167395482028856,5.49755813888e11,5.49755813888e11,0.0,7283.836326383167,53770.24275839064
N16384__b1024__constant_b16__fp32,16384,1024,constant_b16,constant,64,64,fp32,4194304,252.405476,251.210689,268.072125,263.69558,95.919679,95.780491,163.586634,1.7054543520730505,1.099511627776e12,1.099511627776e12,0.0,11462.836815540219,53770.24275839064
N16384__b1024__constant_b8__fp32,16384,1024,constant_b8,constant,128,128,fp32,8388608,467.426507,250.767669,266.639064,263.6675,144.425723,144.299413,163.586634,1.1326696560833558,2.199023255552e12,2.199023255552e12,0.0,15225.98059316622,53770.24275839064
N16384__b1024__uniform_b32_b8__fp32,16384,1024,uniform_b32_b8,uniform,32,128,fp32,8388608,89.326791,86.264631,741.933313,739.909697,663.631344,661.086268,163.586634,0.246502271899924,1.392643145728e12,1.450088333312e12,3.96149574231766,2185.0811394345474,53770.24275839064
N16384__b1024__skewed_b32_b8__fp32,16384,1024,skewed_b32_b8,skewed,32,128,fp32,8388608,73.547683,69.616334,603.63318,603.554211,725.397148,581.88815,163.586634,0.2255132025967105,1.124878778368e12,1.181652877312e12,4.804634257155838,1628.9737016060062,53770.24275839064
N16384__b2048__constant_b32__fp16_fp32,16384,2048,constant_b32,constant,64,64,fp16_fp32,2097152,26.724137,25.912002,31.44021,30.874935,3.645662,3.62381,11.949579,3.277752847082368,5.49755813888e11,5.49755813888e11,0.0,150797.2527041728,736100.6628106312
N16384__b2048__constant_b16__fp16_fp32,16384,2048,constant_b16,constant,128,128,fp16_fp32,4194304,26.002378,25.412376,30.372684,30.155299,4.426731,4.425018,11.949579,2.6994138564100685,1.099511627776e12,1.099511627776e12,0.0,248380.0411129567,736100.6628106312
N16384__b2048__constant_b8__fp16_fp32,16384,2048,constant_b8,constant,256,256,fp16_fp32,8388608,25.605305,24.957675,30.282039,30.281808,7.546325,7.543412,11.949579,1.5834964701361258,2.199023255552e12,2.199023255552e12,0.0,291403.2003063743,736100.6628106312
N16384__b2048__uniform_b32_b8__fp16_fp32,16384,2048,uniform_b32_b8,uniform,64,256,fp16_fp32,8388608,6.436185,6.354914,70.203033,68.507357,68.879784,67.297968,11.949579,0.1734845597076785,1.373315792896e12,1.40123308032e12,1.9923371647509578,20343.16890889205,736100.6628106312
N16384__b2048__skewed_b32_b8__fp16_fp32,16384,2048,skewed_b32_b8,skewed,64,256,fp16_fp32,8388608,35.09089,6.747601,87.923545,54.088663,53.309097,52.099748,11.949579,0.22415646995483715,1.078842097664e12,1.10595407872e12,2.4514563106796117,20746.066636994434,736100.6628106312
N16384__b2048__constant_b32__fp32_tf32,16384,2048,constant_b32,constant,64,64,fp32_tf32,4194304,26.904838,26.848253,32.098996,31.668803,8.13771,8.129708,24.268252,2.9821967113598298,5.49755813888e11,5.49755813888e11,0.0,67556.57474744123,362452.68189105665
N16384__b2048__constant_b16__fp32_tf32,16384,2048,constant_b16,constant,128,128,fp32_tf32,8388608,26.519131,26.477058,30.81122,30.55043,10.00952,10.008058,24.268252,2.4245170597591095,1.099511627776e12,1.099511627776e12,0.0,109846.58882503856,362452.68189105665
N16384__b2048__constant_b8__fp32_tf32,16384,2048,constant_b8,constant,256,256,fp32_tf32,16777216,26.080195,25.669871,30.686734,30.290461,13.316255,13.044739,24.268252,1.822453234787108,2.199023255552e12,2.199023255552e12,0.0,165138.2656424047,362452.68189105665
N16384__b2048__uniform_b32_b8__fp32_tf32,16384,2048,uniform_b32_b8,uniform,64,256,fp32_tf32,16777216,8.360764,8.001006,73.357511,72.222174,72.774169,70.764733,24.268252,0.33347343341014307,1.373315792896e12,1.40123308032e12,1.9923371647509578,19254.53907031216,362452.68189105665
N16384__b2048__skewed_b32_b8__fp32_tf32,16384,2048,skewed_b32_b8,skewed,64,256,fp32_tf32,16777216,6.39912,6.33883,57.199657,56.982842,55.923838,55.820414,24.268252,0.433951832848096,1.078842097664e12,1.10595407872e12,2.4514563106796117,19776.0761469912,362452.68189105665
N16384__b2048__constant_b32__fp32,16384,2048,constant_b32,constant,64,64,fp32,4194304,27.824804,27.505596,33.407794,33.016869,30.36966,30.36265,163.586634,5.386515160196065,5.49755813888e11,5.49755813888e11,0.0,18102.139236593364,53770.24275839064
N16384__b2048__constant_b16__fp32,16384,2048,constant_b16,constant,128,128,fp32,8388608,26.35743,25.950571,40.534903,40.421403,38.194592,38.076066,163.586634,4.282978962047821,1.099511627776e12,1.099511627776e12,0.0,28787.10231479891,53770.24275839064
N16384__b2048__constant_b8__fp32,16384,2048,constant_b8,constant,256,256,fp32,16777216,25.840807,25.714408,51.201526,51.188136,48.725894,48.719725,163.586634,3.357283377909906,2.199023255552e12,2.199023255552e12,0.0,45130.48555973134,53770.24275839064
N16384__b2048__uniform_b32_b8__fp32,16384,2048,uniform_b32_b8,uniform,64,256,fp32,16777216,10.581395,8.743156,247.219258,196.494423,77.873807,77.789261,163.586634,2.1006631151344637,1.373315792896e12,1.40123308032e12,1.9923371647509578,17993.63783922879,53770.24275839064
N16384__b2048__skewed_b32_b8__fp32,16384,2048,skewed_b32_b8,skewed,64,256,fp32,16777216,6.369616,6.202947,56.120163,55.550721,56.296096,54.680529,163.586634,2.9058255478319492,1.078842097664e12,1.10595407872e12,2.4514563106796117,19645.306820565318,53770.24275839064
N16384__b4096__constant_b32__fp16_fp32,16384,4096,constant_b32,constant,128,128,fp16_fp32,4194304,5.163883,5.021149,6.028416,5.958412,2.208994,2.192409,11.949579,5.409511750597783,5.49755813888e11,5.49755813888e11,0.0,248871.5740685579,736100.6628106312
N16384__b4096__constant_b16__fp16_fp32,16384,4096,constant_b16,constant,256,256,fp16_fp32,8388608,5.002231,4.982112,5.942237,5.89074,3.699543,3.692051,11.949579,3.230014896434506,1.099511627776e12,1.099511627776e12,0.0,297202.0132692065,736100.6628106312
N16384__b4096__constant_b8__fp16_fp32,16384,4096,constant_b8,constant,512,512,fp16_fp32,16777216,6.09796,5.574948,14.397212,7.893536,6.898638,6.870425,11.949579,1.7321649577786224,2.199023255552e12,2.199023255552e12,0.0,318761.94337954826,736100.6628106312
N16384__b4096__uniform_b32_b8__fp16_fp32,16384,4096,uniform_b32_b8,uniform,128,512,fp16_fp32,14680064,1.160376,1.059635,34.731524,34.684614,34.432036,34.38093,11.949579,0.3470482837552796,1.300301348864e12,1.314259992576e12,1.0620915032679739,38169.685712921535,736100.6628106312
N16384__b4096__skewed_b32_b8__fp16_fp32,16384,4096,skewed_b32_b8,skewed,128,512,fp16_fp32,13107200,2.009896,1.989475,12.77068,12.724932,12.25603,12.211603,11.949579,0.9749958999773988,1.027034054656e12,1.039382085632e12,1.18801652892562,84805.77198587144,736100.6628106312
N16384__b4096__constant_b32__fp32_tf32,16384,4096,constant_b32,constant,128,128,fp32_tf32,8388608,5.042382,4.941881,6.035237,5.982047,4.713439,4.713289,24.268252,5.1487357744525815,5.49755813888e11,5.49755813888e11,0.0,116635.8181124228,362452.68189105665
N16384__b4096__constant_b16__fp32_tf32,16384,4096,constant_b16,constant,256,256,fp32_tf32,16777216,4.98093,4.850144,7.161811,7.149633,6.23154,6.230258,24.268252,3.894422887440344,1.099511627776e12,1.099511627776e12,0.0,176443.00249633318,362452.68189105665
N16384__b4096__constant_b8__fp32_tf32,16384,4096,constant_b8,constant,512,512,fp32_tf32,33554432,4.946508,4.889773,12.715317,12.697891,11.764655,11.748632,24.268252,2.062810341654728,2.199023255552e12,2.199023255552e12,0.0,186917.78514134075,362452.68189105665
N16384__b4096__uniform_b32_b8__fp32_tf32,16384,4096,uniform_b32_b8,uniform,128,512,fp32_tf32,29360128,1.362047,1.352863,23.379367,23.379176,22.666109,22.65977,24.268252,1.0706845184588145,1.300301348864e12,1.314259992576e12,1.0620915032679739,57983.48506027214,362452.68189105665
N16384__b4096__skewed_b32_b8__fp32_tf32,16384,4096,skewed_b32_b8,skewed,128,512,fp32_tf32,26214400,3.684451,3.649348,8.810498,8.787373,8.260775,8.226434,24.268252,2.937769398149689,1.027034054656e12,1.039382085632e12,1.18801652892562,125821.37700542623,362452.68189105665
N16384__b4096__constant_b32__fp32,16384,4096,constant_b32,constant,128,128,fp32,8388608,13.359521,9.317215,87.364673,59.325868,18.62105,18.569433,163.586634,8.785038115466099,5.49755813888e11,5.49755813888e11,0.0,29523.35200689542,53770.24275839064
N16384__b4096__constant_b16__fp32,16384,4096,constant_b16,constant,256,256,fp32,16777216,8.836095,5.73659,57.905774,25.032769,24.133665,24.109378,163.586634,6.778358529464961,1.099511627776e12,1.099511627776e12,0.0,45559.247954092345,53770.24275839064
N16384__b4096__constant_b8__fp32,16384,4096,constant_b8,constant,512,512,fp32,33554432,5.017134,4.897314,47.649215,47.611799,46.647006,46.607747,163.586634,3.506905330644372,2.199023255552e12,2.199023255552e12,0.0,47141.78773986052,53770.24275839064
N16384__b4096__uniform_b32_b8__fp32,16384,4096,uniform_b32_b8,uniform,128,512,fp32,29360128,1.44434,1.431602,35.735817,35.653254,35.353254,35.227066,163.586634,4.627201614878223,1.300301348864e12,1.314259992576e12,1.0620915032679739,37175.07849704585,53770.24275839064
N16384__b4096__skewed_b32_b8__fp32,16384,4096,skewed_b32_b8,skewed,128,512,fp32,26214400,3.689247,3.642167,30.538614,30.528108,29.950545,29.5331,163.586634,5.4618917285144555,1.027034054656e12,1.039382085632e12,1.18801652892562,34703.27787464301,53770.24275839064
N32768__b2048__constant_b32__fp16_fp32,32768,2048,constant_b32,constant,64,64,fp16_fp32,4194304,258.559526,248.451288,277.920001,277.39101,20.203406,20.077738,101.578402,5.027786007963211,4.398046511104e12,4.398046511104e12,0.0,217688.3695305633,692753.0143431869
N32768__b2048__constant_b16__fp16_fp32,32768,2048,constant_b16,constant,128,128,fp16_fp32,8388608,691.480456,253.487461,268.541767,264.576966,35.666513,34.181072,101.578402,2.8480048498152875,8.796093022208e12,8.796093022208e12,0.0,246620.49307169445,692753.0143431869
N32768__b2048__constant_b8__fp16_fp32,32768,2048,constant_b8,constant,256,256,fp16_fp32,16777216,580.954494,248.797059,271.409949,268.994156,68.446361,66.792637,101.578402,1.4840584731743445,1.7592186044416e13,1.7592186044416e13,0.0,257021.49518826866,692753.0143431869
N32768__b2048__uniform_b32_b8__fp16_fp32,32768,2048,uniform_b32_b8,uniform,64,256,fp16_fp32,16777216,278.886735,79.09658,1012.03342,987.67642,911.626562,910.980595,101.578402,0.1114254523005002,1.1146513874944e13,1.139240075264e13,2.1583411875589067,12496.784568942825,692753.0143431869
N32768__b2048__skewed_b32_b8__fp16_fp32,32768,2048,skewed_b32_b8,skewed,64,256,fp16_fp32,16777216,56.208919,56.098664,705.707506,702.559016,670.80097,664.938151,101.578402,0.15142852581146385,9.007888596992e12,9.24491710464e12,2.5638792102206738,13781.907776072536,692753.0143431869
N32768__b2048__constant_b32__fp32_tf32,32768,2048,constant_b32,constant,64,64,fp32_tf32,8388608,253.355325,252.600537,270.812995,267.147904,41.693089,41.560751,199.86466,4.793711974663235,4.398046511104e12,4.398046511104e12,0.0,105486.22365457259,352081.9747606405
N32768__b2048__constant_b16__fp32_tf32,32768,2048,constant_b16,constant,128,128,fp32_tf32,16777216,258.135266,257.379025,282.56838,278.997439,62.756143,62.037287,199.86466,3.184782404489071,8.796093022208e12,8.796093022208e12,0.0,140163.05976943165,352081.9747606405
N32768__b2048__constant_b8__fp32_tf32,32768,2048,constant_b8,constant,256,256,fp32_tf32,33554432,778.720109,404.628245,280.052729,269.687156,121.263261,121.183763,199.86466,1.6481880690970365,1.7592186044416e13,1.7592186044416e13,0.0,145074.32753615294,352081.9747606405
N32768__b2048__uniform_b32_b8__fp32_tf32,32768,2048,uniform_b32_b8,uniform,64,256,fp32_tf32,33554432,88.114542,77.38888,880.585295,880.568889,879.412525,876.917412,199.86466,0.2272706543496182,1.1146513874944e13,1.139240075264e13,2.1583411875589067,12954.558217873915,352081.9747606405
N32768__b2048__skewed_b32_b8__fp32_tf32,32768,2048,skewed_b32_b8,skewed,64,256,fp32_tf32,33554432,61.839053,61.488188,635.730524,635.012191,631.702582,631.541281,199.86466,0.3163904433748222,9.007888596992e12,9.24491710464e12,2.5638792102206738,14634.920559245078,352081.9747606405
N32768__b2048__constant_b32__fp32,32768,2048,constant_b32,constant,64,64,fp32,8388608,254.012031,252.405769,273.828991,272.04977,140.819157,140.802542,1338.501978,9.505112844838292,4.398046511104e12,4.398046511104e12,0.0,31231.876434993854,52572.76069386877
N32768__b2048__constant_b16__fp32,32768,2048,constant_b16,constant,128,128,fp32,16777216,496.80196,260.755619,267.08768,267.057415,192.874327,192.854338,1338.501978,6.939762273285859,8.796093022208e12,8.796093022208e12,0.0,45605.30765822452,52572.76069386877
N32768__b2048__constant_b8__fp32,32768,2048,constant_b8,constant,256,256,fp32,33554432,685.782439,253.810193,390.003792,389.881169,382.363266,378.705814,1338.501978,3.5006029527951568,1.7592186044416e13,1.7592186044416e13,0.0,46009.090330387546,52572.76069386877
N32768__b2048__uniform_b32_b8__fp32,32768,2048,uniform_b32_b8,uniform,64,256,fp32,33554432,87.442362,84.744376,812.914532,788.85773,811.487501,783.031318,1338.501978,1.649442506940104,1.1146513874944e13,1.139240075264e13,2.1583411875589067,14038.910936522238,52572.76069386877
N32768__b2048__skewed_b32_b8__fp32,32768,2048,skewed_b32_b8,skewed,64,256,fp32,33554432,68.634922,63.747391,614.148125,612.760088,610.719418,609.748738,1338.501978,2.19168072694227,9.007888596992e12,9.24491710464e12,2.5638792102206738,15137.748747068657,52572.76069386877
N32768__b4096__constant_b32__fp16_fp32,32768,4096,constant_b32,constant,128,128,fp16_fp32,8388608,25.789065,25.709695,30.15183,29.731421,15.300606,15.0494,101.578402,6.638848291368329,4.398046511104e12,4.398046511104e12,0.0,287442.63535078283,692753.0143431869
N32768__b4096__constant_b16__fp16_fp32,32768,4096,constant_b16,constant,256,256,fp16_fp32,16777216,69.908346,35.060602,31.467789,31.11469,29.582909,29.310632,101.578402,3.4336853755660064,8.796093022208e12,8.796093022208e12,0.0,297336.9867786836,692753.0143431869
N32768__b4096__constant_b8__fp16_fp32,32768,4096,constant_b8,constant,512,512,fp16_fp32,33554432,28.544285,25.807141,61.25931,58.731739,59.361882,57.323913,101.578402,1.7111721963262552,1.7592186044416e13,1.7592186044416e13,0.0,296354.92426631623,692753.0143431869
N32768__b4096__uniform_b32_b8__fp16_fp32,32768,4096,uniform_b32_b8,uniform,128,512,fp16_fp32,33554432,7.824554,7.645376,111.260881,110.849485,110.006404,109.871292,101.578402,0.9233862603126268,1.0988673826816e13,1.1111080394752e13,1.1016621569385388,101003.94150464186,692753.0143431869
N32768__b4096__skewed_b32_b8__fp16_fp32,32768,4096,skewed_b32_b8,skewed,128,512,fp16_fp32,33030144,6.127205,6.011752,85.023816,84.264891,83.306187,83.292907,101.578402,1.219338030679522,8.631810523136e12,8.74025844736e12,1.240786240786241,104917.27880139323,692753.0143431869
N32768__b4096__constant_b32__fp32_tf32,32768,4096,constant_b32,constant,128,128,fp32_tf32,16777216,26.029674,25.908723,70.460103,40.682982,27.092144,25.74608,199.86466,7.377218281432432,4.398046511104e12,4.398046511104e12,0.0,162336.59879793937,352081.9747606405
N32768__b4096__constant_b16__fp32_tf32,32768,4096,constant_b16,constant,256,256,fp32_tf32,33554432,26.232268,25.72577,53.503089,53.172855,53.600855,51.653902,199.86466,3.7287588043138484,8.796093022208e12,8.796093022208e12,0.0,164103.5954036181,352081.9747606405
N32768__b4096__constant_b8__fp32_tf32,32768,4096,constant_b8,constant,512,512,fp32_tf32,67108864,25.844638,25.643608,127.504037,104.047302,104.681771,103.00956,199.86466,1.9092594449897107,1.7592186044416e13,1.7592186044416e13,0.0,168053.95893059546,352081.9747606405
N32768__b4096__uniform_b32_b8__fp32_tf32,32768,4096,uniform_b32_b8,uniform,128,512,fp32_tf32,67108864,84.550409,69.917322,438.565939,301.161983,299.459647,299.131126,199.86466,0.6674176704683018,1.0988673826816e13,1.1111080394752e13,1.1016621569385388,37103.765085090075,352081.9747606405
N32768__b4096__skewed_b32_b8__fp32_tf32,32768,4096,skewed_b32_b8,skewed,128,512,fp32_tf32,66060288,8.66443,8.612132,242.597775,241.669556,240.660627,239.557057,199.86466,0.8304834176302548,8.631810523136e12,8.74025844736e12,1.240786240786241,36317.774769862954,352081.9747606405
N32768__b4096__constant_b32__fp32,32768,4096,constant_b32,constant,128,128,fp32,16777216,25.787042,25.681944,98.40954,98.381459,95.769971,95.736702,1338.501978,13.976217848076827,4.398046511104e12,4.398046511104e12,0.0,45923.02227077003,52572.76069386877
N32768__b4096__constant_b16__fp32,32768,4096,constant_b16,constant,256,256,fp32,33554432,26.421761,25.661084,188.857421,188.738845,186.046347,185.992376,1338.501978,7.194454497942924,8.796093022208e12,8.796093022208e12,0.0,47279.04183041014,52572.76069386877
N32768__b4096__constant_b8__fp32,32768,4096,constant_b8,constant,512,512,fp32,67108864,176.267,85.586551,369.899045,369.463673,366.9143,366.871216,1338.501978,3.6479962160101143,1.7592186044416e13,1.7592186044416e13,0.0,47946.30801910964,52572.76069386877
N32768__b4096__uniform_b32_b8__fp32,32768,4096,uniform_b32_b8,uniform,128,512,fp32,67108864,10.818091,10.764341,307.095605,307.038579,305.639547,305.599246,1338.501978,4.379348128009102,1.0988673826816e13,1.1111080394752e13,1.1016621569385388,36353.54293582957,52572.76069386877
N32768__b4096__skewed_b32_b8__fp32,32768,4096,skewed_b32_b8,skewed,128,512,fp32,66060288,8.700895,8.606304,219.907619,219.899336,218.494866,218.49097,1338.501978,6.126011116435111,8.631810523136e12,8.74025844736e12,1.240786240786241,40002.12273802351,52572.76069386877
N32768__b8192__constant_b32__fp16_fp32,32768,8192,constant_b32,constant,256,256,fp16_fp32,16777216,4.94718,4.9468,15.586684,14.970242,14.852507,14.53418,101.578402,6.83914183645899,4.398046511104e12,4.398046511104e12,0.0,296114.7576704727,692753.0143431869
N32768__b8192__constant_b16__fp16_fp32,32768,8192,constant_b16,constant,512,512,fp16_fp32,33554432,4.919729,4.854582,29.006959,27.366045,29.765974,28.188014,101.578402,3.412567719101011,8.796093022208e12,8.796093022208e12,0.0,295508.3217571849,692753.0143431869
N32768__b8192__constant_b8__fp16_fp32,32768,8192,constant_b8,constant,1024,1024,fp16_fp32,67108864,5.572796,5.548068,58.392124,57.336565,58.721797,58.459394,101.578402,1.7298244806779328,1.7592186044416e13,1.7592186044416e13,0.0,299585.28081856895,692753.0143431869
N32768__b8192__uniform_b32_b8__fp16_fp32,32768,8192,uniform_b32_b8,uniform,256,1024,fp16_fp32,58720256,4.157669,4.094084,66.09818,65.584252,62.309063,62.193259,101.578402,1.6302347862300544,1.0401337049088e13,1.043677052928e13,0.3395061728395062,167500.03974991568,692753.0143431869
N32768__b8192__skewed_b32_b8__fp16_fp32,32768,8192,skewed_b32_b8,skewed,256,1024,fp16_fp32,51904512,1.823037,1.793573,133.130869,132.977239,132.468338,132.466946,101.578402,0.7668126854584678,8.222714888192e12,8.28928688128e12,0.8031088082901554,62575.6086807702,692753.0143431869
N32768__b8192__constant_b32__fp32_tf32,32768,8192,constant_b32,constant,256,256,fp32_tf32,33554432,4.988742,4.894011,26.524425,26.31356,25.957908,25.650819,199.86466,7.699567314900722,4.398046511104e12,4.398046511104e12,0.0,169429.92906454558,352081.9747606405
N32768__b8192__constant_b16__fp32_tf32,32768,8192,constant_b16,constant,512,512,fp32_tf32,67108864,5.634107,5.633777,50.562602,50.126991,51.499183,51.342218,199.86466,3.8809287518211693,8.796093022208e12,8.796093022208e12,0.0,170800.63235581815,352081.9747606405
N32768__b8192__constant_b8__fp32_tf32,32768,8192,constant_b8,constant,1024,1024,fp32_tf32,134217728,9.111139,9.068185,100.139601,99.906432,98.929131,97.717999,199.86466,2.020281164705672,1.7592186044416e13,1.7592186044416e13,0.0,177826.14551032498,352081.9747606405
N32768__b8192__uniform_b32_b8__fp32_tf32,32768,8192,uniform_b32_b8,uniform,256,1024,fp32_tf32,117440512,3.61655,3.586255,107.790766,84.277654,70.718172,69.954579,199.86466,2.8262136074444912,1.0401337049088e13,1.043677052928e13,0.3395061728395062,147582.58357243738,352081.9747606405
N32768__b8192__skewed_b32_b8__fp32_tf32,32768,8192,skewed_b32_b8,skewed,256,1024,fp32_tf32,103809024,2.409735,2.369133,94.487607,93.605007,94.09536,94.004434,199.86466,2.12406499108989,8.222714888192e12,8.28928688128e12,0.8031088082901554,88094.53389922733,352081.9747606405
N32768__b8192__constant_b32__fp32,32768,8192,constant_b32,constant,256,256,fp32,33554432,34.148461,26.123997,125.22151,121.656758,92.297702,92.180667,1338.501978,14.502007623115038,4.398046511104e12,4.398046511104e12,0.0,47650.661021917964,52572.76069386877
N32768__b8192__constant_b16__fp32,32768,8192,constant_b16,constant,512,512,fp32,67108864,8.929727,8.827845,180.810161,180.788088,179.777486,179.776475,1338.501978,7.445325929187818,8.796093022208e12,8.796093022208e12,0.0,48927.66729538091,52572.76069386877
N32768__b8192__constant_b8__fp32,32768,8192,constant_b8,constant,1024,1024,fp32,134217728,8.882807,8.730569,359.95316,359.867101,358.701077,358.674849,1338.501978,3.7315248373229726,1.7592186044416e13,1.7592186044416e13,0.0,49044.140573952056,52572.76069386877
N32768__b8192__uniform_b32_b8__fp32,32768,8192,uniform_b32_b8,uniform,256,1024,fp32,117440512,8.309089,6.445832,227.501165,226.320218,226.80265,226.66197,1338.501978,5.901615250086364,1.0401337049088e13,1.043677052928e13,0.3395061728395062,46016.969066631274,52572.76069386877
N32768__b8192__skewed_b32_b8__fp32,32768,8192,skewed_b32_b8,skewed,256,1024,fp32,103809024,2.383085,2.341102,188.294178,187.254614,187.721792,187.690856,1338.501978,7.130242918200994,8.222714888192e12,8.28928688128e12,0.8031088082901554,44157.296779267905,52572.76069386877
N65536__b4096__constant_b32__fp16_fp32,65536,4096,constant_b32,constant,128,128,fp16_fp32,16777216,254.002925,241.971995,657.426572,298.777776,128.791045,128.428173,947.284718,7.355206396531685,3.5184372088832e13,3.5184372088832e13,0.0,273189.58463945996,594277.4571618413
N65536__b4096__constant_b16__fp16_fp32,65536,4096,constant_b16,constant,256,256,fp16_fp32,33554432,244.424615,238.688093,275.424747,266.636568,248.640062,248.574074,947.284718,3.8098635850565383,7.0368744177664e13,7.0368744177664e13,0.0,283014.5054326121,594277.4571618413
N65536__b4096__constant_b8__fp16_fp32,65536,4096,constant_b8,constant,512,512,fp16_fp32,67108864,250.250632,237.40311,524.250938,496.766156,508.37842,494.432956,947.284718,1.8633456510604836,1.40737488355328e14,1.40737488355328e14,0.0,276836.07883145,594277.4571618413
N65536__b4096__uniform_b32_b8__fp16_fp32,65536,4096,uniform_b32_b8,uniform,128,512,fp16_fp32,67108864,71.158227,66.753296,1640.343391,1600.967096,1638.179817,1597.590867,947.284718,0.5782544188187859,8.9157078614016e13,9.0117003804672e13,1.0651987417786675,55010.44688104102,594277.4571618413
N65536__b4096__skewed_b32_b8__fp16_fp32,65536,4096,skewed_b32_b8,skewed,128,512,fp16_fp32,67108864,92.695371,85.16911,870.253771,835.072142,832.1363,828.425839,947.284718,1.1383768716735467,7.208565735424e13,7.3117523247104e13,1.4112429511278195,87867.24392038179,594277.4571618413
N65536__b4096__constant_b32__fp32_tf32,65536,4096,constant_b32,constant,128,128,fp32_tf32,33554432,233.707534,231.185961,286.640061,275.682216,219.725063,219.283793,1814.02956,8.255906427934441,3.5184372088832e13,3.5184372088832e13,0.0,160129.07953441798,310331.190755961
N65536__b4096__constant_b16__fp32_tf32,65536,4096,constant_b16,constant,256,256,fp32_tf32,67108864,252.57964,245.945896,556.864522,436.887733,441.594045,435.739616,1814.02956,4.107912188897384,7.0368744177664e13,7.0368744177664e13,0.0,159351.66013768144,310331.190755961
N65536__b4096__constant_b8__fp32_tf32,65536,4096,constant_b8,constant,512,512,fp32_tf32,134217728,261.485085,247.42581,892.729348,888.984945,877.263418,874.874224,1814.02956,2.0678276590350197,1.40737488355328e14,1.40737488355328e14,0.0,160427.85492661226,310331.190755961
N65536__b4096__uniform_b32_b8__fp32_tf32,65536,4096,uniform_b32_b8,uniform,128,512,fp32_tf32,134217728,93.196611,92.116656,2091.422275,1926.938344,1957.656748,1921.471688,1814.02956,0.9266331096364396,8.9157078614016e13,9.0117003804672e13,1.0651987417786675,46033.097424631866,310331.190755961
N65536__b4096__skewed_b32_b8__fp32_tf32,65536,4096,skewed_b32_b8,skewed,128,512,fp32_tf32,134217728,122.918612,122.888307,836.88559,559.098391,576.684053,552.121001,1814.02956,3.145621160431152,7.208565735424e13,7.3117523247104e13,1.4112429511278195,126789.57024515467,310331.190755961
N65536__b4096__constant_b32__fp32,65536,4096,constant_b32,constant,128,128,fp32,33554432,711.762506,242.207357,738.057449,736.145948,728.47379,727.931198,10770.334392,14.78479327581573,3.5184372088832e13,3.5184372088832e13,0.0,48298.748111214816,52268.56780226439
N65536__b4096__constant_b16__fp32,65536,4096,constant_b16,constant,256,256,fp32,67108864,260.552576,256.133935,1549.67239,1450.133607,1443.059776,1441.316056,10770.334392,7.463540021782161,7.0368744177664e13,7.0368744177664e13,0.0,48763.56845917934,52268.56780226439
N65536__b4096__constant_b8__fp32,65536,4096,constant_b8,constant,512,512,fp32,134217728,258.16186,250.508669,2880.157648,2877.014194,2869.485928,2869.136466,10770.334392,3.7534020595482773,1.40737488355328e14,1.40737488355328e14,0.0,49046.23750966448,52268.56780226439
N65536__b4096__uniform_b32_b8__fp32,65536,4096,uniform_b32_b8,uniform,128,512,fp32,134217728,94.137873,88.270112,3100.695338,3099.698718,2970.864738,2933.87353,10770.334392,3.6253196768731515,8.9157078614016e13,9.0117003804672e13,1.0651987417786675,30333.593667862235,52268.56780226439
N65536__b4096__skewed_b32_b8__fp32,65536,4096,skewed_b32_b8,skewed,128,512,fp32,134217728,124.950446,123.855958,1742.494168,1730.672199,1734.406579,1731.95523,10770.334392,6.209809465903785,7.208565735424e13,7.3117523247104e13,1.4112429511278195,42157.083657547635,52268.56780226439
N65536__b8192__constant_b32__fp16_fp32,65536,8192,constant_b32,constant,256,256,fp16_fp32,33554432,26.304007,25.282228,121.799391,120.128621,120.727157,120.671804,947.284718,7.84649238447651,3.5184372088832e13,3.5184372088832e13,0.0,291437.09636790334,594277.4571618413
N65536__b8192__constant_b16__fp16_fp32,65536,8192,constant_b16,constant,512,512,fp16_fp32,67108864,77.673908,34.360502,237.477113,237.321951,236.25237,235.61091,947.284718,4.009630540425901,7.0368744177664e13,7.0368744177664e13,0.0,297854.1302153456,594277.4571618413
N65536__b8192__constant_b8__fp16_fp32,65536,8192,constant_b8,constant,1024,1024,fp16_fp32,134217728,26.421003,25.783548,468.142845,461.74328,462.000685,452.758958,947.284718,2.0503967824203553,1.40737488355328e14,1.40737488355328e14,0.0,304626.14650739747,594277.4571618413
N65536__b8192__uniform_b32_b8__fp16_fp32,65536,8192,uniform_b32_b8,uniform,256,1024,fp16_fp32,133169152,14.145495,9.952181,1215.599983,1214.467779,1213.15087,1211.764145,947.284718,0.7808465883554945,8.7922275516416e13,8.839042695168e13,0.5296404275996113,72860.20983662155,594277.4571618413
N65536__b8192__skewed_b32_b8__fp16_fp32,65536,8192,skewed_b32_b8,skewed,256,1024,fp16_fp32,132120576,16.105708,14.337983,311.581973,300.29834,309.543372,304.902719,947.284718,3.0602649053005733,6.906307411968e13,6.9509750718464e13,0.6426099851705388,224555.77152032833,594277.4571618413
N65536__b8192__constant_b32__fp32_tf32,65536,8192,constant_b32,constant,256,256,fp32_tf32,67108864,26.674171,25.4972,209.982776,209.619613,211.393586,210.943814,1814.02956,8.581289500429781,3.5184372088832e13,3.5184372088832e13,0.0,166440.11180562497,310331.190755961
N65536__b8192__constant_b16__fp32_tf32,65536,8192,constant_b16,constant,512,512,fp32_tf32,134217728,26.833359,26.207843,400.540477,399.999438,407.160232,404.439591,1814.02956,4.455321068782572,7.0368744177664e13,7.0368744177664e13,0.0,172828.13655942705,310331.190755961
N65536__b8192__constant_b8__fp32_tf32,65536,8192,constant_b8,constant,1024,1024,fp32_tf32,268435456,81.723929,27.104214,827.955657,827.332083,826.261602,824.70317,1814.02956,2.1954663699838735,1.40737488355328e14,1.40737488355328e14,0.0,170330.42321544068,310331.190755961
N65536__b8192__uniform_b32_b8__fp32_tf32,65536,8192,uniform_b32_b8,uniform,256,1024,fp32_tf32,266338304,8.742591,8.712015,985.669005,985.507815,985.627093,984.34084,1814.02956,1.8404826459047023,8.7922275516416e13,8.839042695168e13,0.5296404275996113,89679.38034519917,310331.190755961
N65536__b8192__skewed_b32_b8__fp32_tf32,65536,8192,skewed_b32_b8,skewed,256,1024,fp32_tf32,264241152,17.947715,14.892753,443.39479,432.471295,448.934528,443.337304,1814.02956,4.040744132739106,6.906307411968e13,6.9509750718464e13,0.6426099851705388,154832.7125296631,310331.190755961
N65536__b8192__constant_b32__fp32,65536,8192,constant_b32,constant,256,256,fp32,67108864,28.967112,28.937889,718.345305,718.10221,715.479687,715.410794,10770.334392,15.05330561816495,3.5184372088832e13,3.5184372088832e13,0.0,49175.920334453884,52268.56780226439
N65536__b8192__constant_b16__fp32,65536,8192,constant_b16,constant,512,512,fp32,134217728,28.438862,27.539386,1419.439479,1418.826932,1418.531781,1418.197692,10770.334392,7.592592944521418,7.0368744177664e13,7.0368744177664e13,0.0,49606.74488946399,52268.56780226439
N65536__b8192__constant_b8__fp32,65536,8192,constant_b8,constant,1024,1024,fp32,268435456,28.175718,26.710166,2857.549491,2855.976835,2854.097398,2853.870229,10770.334392,3.7736393998142037,1.40737488355328e14,1.40737488355328e14,0.0,49310.68170762125,52268.56780226439
N65536__b8192__uniform_b32_b8__fp32,65536,8192,uniform_b32_b8,uniform,256,1024,fp32,266338304,7.90689,7.863877,1992.912199,1991.319365,1991.253048,1990.752909,10770.334392,5.408822551617759,8.7922275516416e13,8.839042695168e13,0.5296404275996113,44389.349229350184,52268.56780226439
N65536__b8192__skewed_b32_b8__fp32,65536,8192,skewed_b32_b8,skewed,256,1024,fp32,264241152,18.177638,15.222196,1473.363012,1471.349269,1471.085796,1469.208798,10770.334392,7.3213502715378,6.906307411968e13,6.9509750718464e13,0.6426099851705388,47250.643645303746,52268.56780226439
N65536__b16384__constant_b32__fp16_fp32,65536,16384,constant_b32,constant,512,512,fp16_fp32,67108864,9.133967,8.853187,120.80123,120.654351,127.560744,122.428184,947.284718,7.4261460720235375,3.5184372088832e13,3.5184372088832e13,0.0,275824.45026215905,594277.4571618413
N65536__b16384__constant_b16__fp16_fp32,65536,16384,constant_b16,constant,1024,1024,fp16_fp32,134217728,9.044082,8.979645,236.345364,233.927386,243.48069,235.584897,947.284718,3.89059484758319,7.0368744177664e13,7.0368744177664e13,0.0,289011.60160858755,594277.4571618413
N65536__b16384__constant_b8__fp16_fp32,65536,16384,constant_b8,constant,2048,2048,fp16_fp32,268435456,9.238053,9.171043,556.516113,488.467525,542.136288,500.838495,947.284718,1.7473184123029963,1.40737488355328e14,1.40737488355328e14,0.0,259597.98572887265,594277.4571618413
N65536__b16384__uniform_b32_b8__fp16_fp32,65536,16384,uniform_b32_b8,uniform,512,2048,fp16_fp32,234881024,6.657161,6.617011,376.541645,369.231697,393.405157,384.083389,947.284718,2.407911287243243,8.3210696392704e13,8.3391085019136e13,0.21631644004944375,211972.5263772686,594277.4571618413
N65536__b16384__skewed_b32_b8__fp16_fp32,65536,16384,skewed_b32_b8,skewed,512,2048,fp16_fp32,207618048,1.865091,1.845682,564.381252,564.191739,564.516405,564.229906,947.284718,1.6780463944178914,6.577742413824e13,6.6073776881664e13,0.4485179407176287,117044.91897213155,594277.4571618413
N65536__b16384__constant_b32__fp32_tf32,65536,16384,constant_b32,constant,512,512,fp32_tf32,134217728,9.6109,9.566844,206.909121,206.386558,208.58652,206.825115,1814.02956,8.696772734882387,3.5184372088832e13,3.5184372088832e13,0.0,168679.9899093767,310331.190755961
N65536__b16384__constant_b16__fp32_tf32,65536,16384,constant_b16,constant,1024,1024,fp32_tf32,268435456,8.954288,8.84844,404.608501,404.526248,413.778902,407.785605,1814.02956,4.3840552315062205,7.0368744177664e13,7.0368744177664e13,0.0,170063.63504165324,310331.190755961
N65536__b16384__constant_b8__fp32_tf32,65536,16384,constant_b8,constant,2048,2048,fp32_tf32,536870912,8.833197,8.75543,841.477453,839.917608,837.548023,833.248991,1814.02956,2.16588125120558,1.40737488355328e14,1.40737488355328e14,0.0,168035.12693065958,310331.190755961
N65536__b16384__uniform_b32_b8__fp32_tf32,65536,16384,uniform_b32_b8,uniform,512,2048,fp32_tf32,469762048,6.345375,6.340848,562.470164,525.636571,549.454599,537.514875,1814.02956,3.30150946648096,8.3210696392704e13,8.3391085019136e13,0.21631644004944375,151770.65615777293,310331.190755961
N65536__b16384__skewed_b32_b8__fp32_tf32,65536,16384,skewed_b32_b8,skewed,512,2048,fp32_tf32,415236096,2.543636,2.467122,591.946989,587.494648,591.295776,586.12606,1814.02956,3.0678885823801316,6.577742413824e13,6.6073776881664e13,0.4485179407176287,111744.03667930819,310331.190755961
N65536__b16384__constant_b32__fp32,65536,16384,constant_b32,constant,512,512,fp32,134217728,8.802792,8.774939,709.830155,705.617241,708.124984,703.935345,10770.334392,15.209651735716756,3.5184372088832e13,3.5184372088832e13,0.0,49686.66956232122,52268.56780226439
N65536__b16384__constant_b16__fp32,65536,16384,constant_b16,constant,1024,1024,fp32,268435456,5.034163,4.835696,1402.127917,1400.821031,1402.098223,1401.964744,10770.334392,7.681583369355716,7.0368744177664e13,7.0368744177664e13,0.0,50188.17014623946,52268.56780226439
N65536__b16384__constant_b8__fp32,65536,16384,constant_b8,constant,2048,2048,fp32,536870912,9.087768,8.911654,2828.368738,2827.077347,2828.508901,2827.339711,10770.334392,3.8077781505980846,1.40737488355328e14,1.40737488355328e14,0.0,49756.77761012922,52268.56780226439
N65536__b16384__uniform_b32_b8__fp32,65536,16384,uniform_b32_b8,uniform,512,2048,fp32,469762048,6.347558,6.254478,1755.511268,1750.397367,1749.516349,1748.108684,10770.334392,6.156178190707494,8.3210696392704e13,8.3391085019136e13,0.21631644004944375,47665.221915074544,52268.56780226439
N65536__b16384__skewed_b32_b8__fp32,65536,16384,skewed_b32_b8,skewed,512,2048,fp32,415236096,2.550657,2.495644,1350.054928,1349.445186,1350.125786,1349.789472,10770.334392,7.9772821937644265,6.577742413824e13,6.6073776881664e13,0.4485179407176287,48938.97855059854,52268.56780226439
