case_id,N,tile_size,rank,profile,precision,workspace_bytes,padded_median_ms,padded_min_ms,dense_median_ms,dense_min_ms,speedup_vs_dense,executed_flops,padded_gflops,dense_gflops
N2048__b128__constant_b32__fp16_fp32,2048,128,4,constant_b32,fp16_fp32,4325376,4.673036,4.540658,0.06034,0.056554,0.012912376450769907,5.70425344e8,122.06739772601794,284717.7524693404
N2048__b128__constant_b16__fp16_fp32,2048,128,8,constant_b16,fp16_fp32,8912896,3.897055,3.872378,0.06034,0.056554,0.015483486889458834,1.207959552e9,309.96728349997625,284717.7524693404
N2048__b128__constant_b8__fp16_fp32,2048,128,16,constant_b8,fp16_fp32,18874368,3.811076,3.808652,0.06034,0.056554,0.01583279892607757,2.68435456e9,704.3560821143425,284717.7524693404
N2048__b128__constant_b32__fp32_tf32,2048,128,4,constant_b32,fp32_tf32,8650752,4.681419,4.478895,0.085468,0.081442,0.0182568575895471,5.70425344e8,121.84881208026883,201009.37408152758
N2048__b128__constant_b16__fp32_tf32,2048,128,8,constant_b16,fp32_tf32,17825792,4.186888,4.159277,0.085468,0.081442,0.02041325203826804,1.207959552e9,288.51011825489485,201009.37408152758
N2048__b128__constant_b8__fp32_tf32,2048,128,16,constant_b8,fp32_tf32,37748736,3.849323,3.822553,0.085468,0.081442,0.02220338485494722,2.68435456e9,697.3575769037828,201009.37408152758
N2048__b128__constant_b32__fp32,2048,128,4,constant_b32,fp32,8650752,4.971914,4.709561,0.977433,0.971134,0.1965908903492699,5.70425344e8,114.72952750188358,17576.518476458234
N2048__b128__constant_b16__fp32,2048,128,8,constant_b16,fp32,17825792,3.839348,3.821932,0.977433,0.971134,0.2545830698337322,1.207959552e9,314.6262209104254,17576.518476458234
N2048__b128__constant_b8__fp32,2048,128,16,constant_b8,fp32,37748736,3.870535,3.855752,0.977433,0.971134,0.25253175594588345,2.68435456e9,693.5357928555096,17576.518476458234
N2048__b256__constant_b32__fp16_fp32,2048,256,8,constant_b32,fp16_fp32,2162688,0.651976,0.632217,0.06034,0.056554,0.0925494189970183,5.70425344e8,874.9177024921163,284717.7524693404
N2048__b256__constant_b16__fp16_fp32,2048,256,16,constant_b16,fp16_fp32,4456448,0.652316,0.644825,0.06034,0.056554,0.09250118040949477,1.207959552e9,1851.801200645086,284717.7524693404
N2048__b256__constant_b8__fp16_fp32,2048,256,32,constant_b8,fp16_fp32,9437184,0.678245,0.648571,0.06034,0.056554,0.08896490206341366,2.68435456e9,3957.7948381484566,284717.7524693404
N2048__b256__constant_b32__fp32_tf32,2048,256,8,constant_b32,fp32_tf32,4325376,0.643774,0.625486,0.085468,0.081442,0.13276087571104148,5.70425344e8,886.0645878833255,201009.37408152758
N2048__b256__constant_b16__fp32_tf32,2048,256,16,constant_b16,fp32_tf32,8912896,0.630243,0.62742,0.085468,0.081442,0.13561118489217652,1.207959552e9,1916.6568323646593,201009.37408152758
N2048__b256__constant_b8__fp32_tf32,2048,256,32,constant_b8,fp32_tf32,18874368,0.640008,0.632948,0.085468,0.081442,0.13354208072399096,2.68435456e9,4194.251571855351,201009.37408152758
N2048__b256__constant_b32__fp32,2048,256,8,constant_b32,fp32,4325376,0.643604,0.637905,0.977433,0.971134,1.5186869565757828,5.70425344e8,886.2986308351097,17576.518476458234
N2048__b256__constant_b16__fp32,2048,256,16,constant_b16,fp32,8912896,0.68133,0.680558,0.977433,0.971134,1.4345955704284268,1.207959552e9,1772.9434371009643,17576.518476458234
N2048__b256__constant_b8__fp32,2048,256,32,constant_b8,fp32,18874368,0.69498,0.680589,0.977433,0.971134,1.406418889752223,2.68435456e9,3862.491812714035,17576.518476458234
N2048__b512__constant_b32__fp16_fp32,2048,512,16,constant_b32,fp16_fp32,1081344,0.232337,0.216484,0.06034,0.056554,0.2597089572474466,5.70425344e8,2455.1635942617836,284717.7524693404
N2048__b512__constant_b16__fp16_fp32,2048,512,32,constant_b16,fp16_fp32,2228224,0.227731,0.214131,0.06034,0.056554,0.2649617311652783,1.207959552e9,5304.326385077131,284717.7524693404
N2048__b512__constant_b8__fp16_fp32,2048,512,64,constant_b8,fp16_fp32,4718592,0.225217,0.221622,0.06034,0.056554,0.26791938441591884,2.68435456e9,11918.969527167132,284717.7524693404
N2048__b512__constant_b32__fp32_tf32,2048,512,16,constant_b32,fp32_tf32,2162688,0.220901,0.212608,0.085468,0.081442,0.3869063517141163,5.70425344e8,2582.2669159487737,201009.37408152758
N2048__b512__constant_b16__fp32_tf32,2048,512,32,constant_b16,fp32_tf32,4456448,0.212197,0.202403,0.085468,0.081442,0.4027766650800907,1.207959552e9,5692.632563137085,201009.37408152758
N2048__b512__constant_b8__fp32_tf32,2048,512,64,constant_b8,fp32_tf32,9437184,0.20719,0.203905,0.085468,0.081442,0.4125102562865003,2.68435456e9,12956.004440368744,201009.37408152758
N2048__b512__constant_b32__fp32,2048,512,16,constant_b32,fp32,2162688,0.230916,0.228602,0.977433,0.971134,4.23285090682326,5.70425344e8,2470.272064300438,17576.518476458234
N2048__b512__constant_b16__fp32,2048,512,32,constant_b16,fp32,4456448,0.255493,0.244166,0.977433,0.971134,3.8256742846183647,1.207959552e9,4727.955568254316,17576.518476458234
N2048__b512__constant_b8__fp32,2048,512,64,constant_b8,fp32,9437184,0.280731,0.262323,0.977433,0.971134,3.481742308473236,2.68435456e9,9562.01687736659,17576.518476458234
N4096__b256__constant_b32__fp16_fp32,4096,256,8,constant_b32,fp16_fp32,17301504,3.832628,3.82751,0.219699,0.216204,0.05732333010143432,4.563402752e9,1190.6719754695735,625578.4208030078
N4096__b256__constant_b16__fp16_fp32,4096,256,16,constant_b16,fp16_fp32,35651584,3.847019,3.840129,0.219699,0.216204,0.057108893925400424,9.663676416e9,2511.9908209447367,625578.4208030078
N4096__b256__constant_b8__fp16_fp32,4096,256,32,constant_b8,fp16_fp32,75497472,3.888291,3.886168,0.219699,0.216204,0.056502715460339775,2.147483648e10,5522.949923243914,625578.4208030078
N4096__b256__constant_b32__fp32_tf32,4096,256,8,constant_b32,fp32_tf32,34603008,3.905006,3.898246,0.533949,0.511526,0.1367344890123088,4.563402752e9,1168.6032625814148,257400.90059537522
N4096__b256__constant_b16__fp32_tf32,4096,256,16,constant_b16,fp32_tf32,71303168,4.117985,4.111185,0.533949,0.511526,0.12966268696947658,9.663676416e9,2346.700246844027,257400.90059537522
N4096__b256__constant_b8__fp32_tf32,4096,256,32,constant_b8,fp32_tf32,150994944,3.979047,3.9676,0.533949,0.511526,0.13419017166673328,2.147483648e10,5396.979849697679,257400.90059537522
N4096__b256__constant_b32__fp32,4096,256,8,constant_b32,fp32,34603008,3.965237,3.96087,2.758669,2.757899,0.6957135222938754,4.563402752e9,1150.852459008125,49820.74814774806
N4096__b256__constant_b16__fp32,4096,256,16,constant_b16,fp32,71303168,4.068961,4.058416,2.758669,2.757899,0.67797872724757,9.663676416e9,2374.9739591999037,49820.74814774806
N4096__b256__constant_b8__fp32,4096,256,32,constant_b8,fp32,150994944,4.354309,4.345836,2.758669,2.757899,0.6335492037887067,2.147483648e10,4931.858643931792,49820.74814774806
N4096__b512__constant_b32__fp16_fp32,4096,512,16,constant_b32,fp16_fp32,8650752,0.673638,0.659708,0.219699,0.216204,0.32613807415852436,4.563402752e9,6774.2656322832145,625578.4208030078
N4096__b512__constant_b16__fp16_fp32,4096,512,32,constant_b16,fp16_fp32,17825792,0.684124,0.669713,0.219699,0.216204,0.3211391502125346,9.663676416e9,14125.621109623402,625578.4208030078
N4096__b512__constant_b8__fp16_fp32,4096,512,64,constant_b8,fp16_fp32,37748736,0.706327,0.675962,0.219699,0.216204,0.3110443180000198,2.147483648e10,30403.533320968898,625578.4208030078
N4096__b512__constant_b32__fp32_tf32,4096,512,16,constant_b32,fp32_tf32,17301504,0.713618,0.700459,0.533949,0.511526,0.7482280435751341,4.563402752e9,6394.741657301245,257400.90059537522
N4096__b512__constant_b16__fp32_tf32,4096,512,32,constant_b16,fp32_tf32,35651584,0.740278,0.735361,0.533949,0.511526,0.7212817346996669,9.663676416e9,13054.118069157803,257400.90059537522
N4096__b512__constant_b8__fp32_tf32,4096,512,64,constant_b8,fp32_tf32,75497472,0.788931,0.767339,0.533949,0.511526,0.6768006327549557,2.147483648e10,27220.170686663347,257400.90059537522
N4096__b512__constant_b32__fp32,4096,512,16,constant_b32,fp32,17301504,0.819317,0.808701,2.758669,2.757899,3.3670349815761176,4.563402752e9,5569.764513613168,49820.74814774806
N4096__b512__constant_b16__fp32,4096,512,32,constant_b16,fp32,35651584,0.903763,0.899036,2.758669,2.757899,3.052425248654791,9.663676416e9,10692.710827949362,49820.74814774806
N4096__b512__constant_b8__fp32,4096,512,64,constant_b8,fp32,75497472,1.198084,1.123271,2.758669,2.757899,2.302567265734289,2.147483648e10,17924.316224905768,49820.74814774806
N4096__b1024__constant_b32__fp16_fp32,4096,1024,32,constant_b32,fp16_fp32,4325376,0.270275,0.249453,0.219699,0.216204,0.8128720747386922,4.563402752e9,16884.294707242625,625578.4208030078
N4096__b1024__constant_b16__fp16_fp32,4096,1024,64,constant_b16,fp16_fp32,8912896,0.295512,0.28103,0.219699,0.216204,0.7434520425566474,9.663676416e9,32701.468691626735,625578.4208030078
N4096__b1024__constant_b8__fp16_fp32,4096,1024,128,constant_b8,fp16_fp32,18874368,0.275963,0.265077,0.219699,0.216204,0.7961175954747557,2.147483648e10,77817.81064852898,625578.4208030078
N4096__b1024__constant_b32__fp32_tf32,4096,1024,32,constant_b32,fp32_tf32,8650752,0.291096,0.285607,0.533949,0.511526,1.8342711682743835,4.563402752e9,15676.624728611867,257400.90059537522
N4096__b1024__constant_b16__fp32_tf32,4096,1024,64,constant_b16,fp32_tf32,17825792,0.318927,0.313269,0.533949,0.511526,1.674204441768806,9.663676416e9,30300.59046741104,257400.90059537522
N4096__b1024__constant_b8__fp32_tf32,4096,1024,128,constant_b8,fp32_tf32,37748736,0.351807,0.34057,0.533949,0.511526,1.5177327341411628,2.147483648e10,61041.526973596316,257400.90059537522
N4096__b1024__constant_b32__fp32,4096,1024,32,constant_b32,fp32,8650752,0.370535,0.361551,2.758669,2.757899,7.445096954403767,4.563402752e9,12315.713095928859,49820.74814774806
N4096__b1024__constant_b16__fp32,4096,1024,64,constant_b16,fp32,17825792,0.463875,0.455953,2.758669,2.757899,5.947009431420102,9.663676416e9,20832.50103152789,49820.74814774806
N4096__b1024__constant_b8__fp32,4096,1024,128,constant_b8,fp32,37748736,0.696402,0.685897,2.758669,2.757899,3.961316883064667,2.147483648e10,30836.839181966738,49820.74814774806
N8192__b512__constant_b32__fp16_fp32,8192,512,16,constant_b32,fp16_fp32,69206016,3.965987,3.94786,1.558733,1.55009,0.3930252418880848,3.6507222016e10,9205.078588507728,705388.0477131106
N8192__b512__constant_b16__fp16_fp32,8192,512,32,constant_b16,fp16_fp32,142606336,4.005506,3.984245,1.558733,1.55009,0.38914758834464364,7.7309411328e10,19300.78530103313,705388.0477131106
N8192__b512__constant_b8__fp16_fp32,8192,512,64,constant_b8,fp16_fp32,301989888,4.871763,4.757923,1.558733,1.55009,0.3199525510580051,1.7179869184e11,35264.17271119305,705388.0477131106
N8192__b512__constant_b32__fp32_tf32,8192,512,16,constant_b32,fp32_tf32,138412032,4.341219,4.331575,2.870788,2.866321,0.6612861502725387,3.6507222016e10,8409.440301445286,382999.9386147636
N8192__b512__constant_b16__fp32_tf32,8192,512,32,constant_b16,fp32_tf32,285212672,4.47584,4.45529,2.870788,2.866321,0.6413964752984915,7.7309411328e10,17272.60387502681,382999.9386147636
N8192__b512__constant_b8__fp32_tf32,8192,512,64,constant_b8,fp32_tf32,603979776,5.045112,5.033976,2.870788,2.866321,0.5690236411005346,1.7179869184e11,34052.50306435219,382999.9386147636
N8192__b512__constant_b32__fp32,8192,512,16,constant_b32,fp32,138412032,4.868298,4.867868,21.436652,21.424163,4.4033154913688515,3.6507222016e10,7498.970279962319,51291.20105956844
N8192__b512__constant_b16__fp32,8192,512,32,constant_b16,fp32,285212672,5.622577,5.607435,21.436652,21.424163,3.812602655330465,7.7309411328e10,13749.818157759333,51291.20105956844
N8192__b512__constant_b8__fp32,8192,512,64,constant_b8,fp32,603979776,7.270144,7.256553,21.436652,21.424163,2.9485869880981723,1.7179869184e11,23630.713757526675,51291.20105956844
N8192__b1024__constant_b32__fp16_fp32,8192,1024,32,constant_b32,fp16_fp32,34603008,0.768691,0.758065,1.558733,1.55009,2.0277757902720337,3.6507222016e10,47492.71425839511,705388.0477131106
N8192__b1024__constant_b16__fp16_fp32,8192,1024,64,constant_b16,fp16_fp32,71303168,0.796091,0.791205,1.558733,1.55009,1.9579834466160275,7.7309411328e10,97111.27412318441,705388.0477131106
N8192__b1024__constant_b8__fp16_fp32,8192,1024,128,constant_b8,fp16_fp32,150994944,0.998875,0.924374,1.558733,1.55009,1.5604885496183205,1.7179869184e11,171992.18304592668,705388.0477131106
N8192__b1024__constant_b32__fp32_tf32,8192,1024,32,constant_b32,fp32_tf32,69206016,1.158003,1.153447,2.870788,2.866321,2.4790851146326913,3.6507222016e10,31526.016785794163,382999.9386147636
N8192__b1024__constant_b16__fp32_tf32,8192,1024,64,constant_b16,fp32_tf32,142606336,1.190582,1.17601,2.870788,2.866321,2.411247608312573,7.7309411328e10,64934.134169675,382999.9386147636
N8192__b1024__constant_b8__fp32_tf32,8192,1024,128,constant_b8,fp32_tf32,301989888,1.601577,1.574788,2.870788,2.866321,1.792475791048448,1.7179869184e11,107268.45592812584,382999.9386147636
N8192__b1024__constant_b32__fp32,8192,1024,32,constant_b32,fp32,69206016,1.68371,1.625193,21.436652,21.424163,12.73179585558083,3.6507222016e10,21682.60687172969,51291.20105956844
N8192__b1024__constant_b16__fp32,8192,1024,64,constant_b16,fp32,142606336,2.41129,2.405211,21.436652,21.424163,8.890117737808392,7.7309411328e10,32061.43239842574,51291.20105956844
N8192__b1024__constant_b8__fp32,8192,1024,128,constant_b8,fp32,301989888,4.100108,4.090924,21.436652,21.424163,5.228313985875494,1.7179869184e11,41901.01622688964,51291.20105956844
N8192__b2048__constant_b32__fp16_fp32,8192,2048,64,constant_b32,fp16_fp32,17301504,0.346889,0.330845,1.558733,1.55009,4.4934633268855455,3.6507222016e10,105241.79785464515,705388.0477131106
N8192__b2048__constant_b16__fp16_fp32,8192,2048,128,constant_b16,fp16_fp32,35651584,0.378056,0.373079,1.558733,1.55009,4.123021457138624,7.7309411328e10,204491.95708572274,705388.0477131106
N8192__b2048__constant_b8__fp16_fp32,8192,2048,256,constant_b8,fp16_fp32,75497472,0.481371,0.48092,1.558733,1.55009,3.2381115605219257,1.7179869184e11,356894.5612427836,705388.0477131106
N8192__b2048__constant_b32__fp32_tf32,8192,2048,64,constant_b32,fp32_tf32,34603008,0.555051,0.550073,2.870788,2.866321,5.1721157154928115,3.6507222016e10,65772.73442620588,382999.9386147636
N8192__b2048__constant_b16__fp32_tf32,8192,2048,128,constant_b16,fp32_tf32,71303168,0.687019,0.669012,2.870788,2.866321,4.178615147470448,7.7309411328e10,112528.7820686182,382999.9386147636
N8192__b2048__constant_b8__fp32_tf32,8192,2048,256,constant_b8,fp32_tf32,150994944,1.134469,1.131453,2.870788,2.866321,2.5305125129025123,1.7179869184e11,151435.33392274272,382999.9386147636
N8192__b2048__constant_b32__fp32,8192,2048,64,constant_b32,fp32,34603008,1.225735,1.214869,21.436652,21.424163,17.488814466422188,3.6507222016e10,29783.943524497547,51291.20105956844
N8192__b2048__constant_b16__fp32,8192,2048,128,constant_b16,fp32,71303168,1.987144,1.97035,21.436652,21.424163,10.78766913721401,7.7309411328e10,38904.785626003955,51291.20105956844
N8192__b2048__constant_b8__fp32,8192,2048,256,constant_b8,fp32,150994944,4.016683,3.980279,21.436652,21.424163,5.3369041071949175,1.7179869184e11,42771.28462465174,51291.20105956844
N16384__b1024__constant_b32__fp16_fp32,16384,1024,32,constant_b32,fp16_fp32,276824064,4.569551,4.566076,12.067906,12.052753,2.6409391207144863,2.92057776128e11,63913.889160663704,728883.1237339767
N16384__b1024__constant_b16__fp16_fp32,16384,1024,64,constant_b16,fp16_fp32,570425344,5.222919,5.11636,12.067906,12.052753,2.3105673283464667,6.18475290624e11,118415.63896051231,728883.1237339767
N16384__b1024__constant_b8__fp16_fp32,16384,1024,128,constant_b8,fp16_fp32,1207959552,6.343307,6.215816,12.067906,12.052753,1.9024628636135694,1.37438953472e12,216667.66794039766,728883.1237339767
N16384__b1024__constant_b32__fp32_tf32,16384,1024,32,constant_b32,fp32_tf32,553648128,5.83827,5.813743,24.982049,23.992577,4.279015701569129,2.92057776128e11,50024.712136985785,352096.54028810846
N16384__b1024__constant_b16__fp32_tf32,16384,1024,64,constant_b16,fp32_tf32,1140850688,7.368881,7.368301,24.982049,23.992577,3.3902093140057494,6.18475290624e11,83930.69322519933,352096.54028810846
N16384__b1024__constant_b8__fp32_tf32,16384,1024,128,constant_b8,fp32_tf32,2415919104,10.32037,10.294341,24.982049,23.992577,2.42065439514281,1.37438953472e12,133172.50590046676,352096.54028810846
N16384__b1024__constant_b32__fp32,16384,1024,32,constant_b32,fp32,553648128,10.290144,10.282673,163.242438,163.234187,15.863960504342796,2.92057776128e11,28382.282709357616,53883.617091090004
N16384__b1024__constant_b16__fp32,16384,1024,64,constant_b16,fp32,1140850688,16.518278,16.444397,163.242438,163.234187,9.882533639402364,6.18475290624e11,37441.874426862174,53883.617091090004
N16384__b1024__constant_b8__fp32,16384,1024,128,constant_b8,fp32,2415919104,30.078198,30.029134,163.242438,163.234187,5.427267883534778,1.37438953472e12,45693.878826118504,53883.617091090004
N16384__b2048__constant_b32__fp16_fp32,16384,2048,64,constant_b32,fp16_fp32,138412032,1.350141,1.306706,12.067906,12.052753,8.938256078439215,2.92057776128e11,216316.5003714427,728883.1237339767
N16384__b2048__constant_b16__fp16_fp32,16384,2048,128,constant_b16,fp16_fp32,285212672,1.845062,1.828237,12.067906,12.052753,6.540650666481668,6.18475290624e11,335205.6953229756,728883.1237339767
N16384__b2048__constant_b8__fp16_fp32,16384,2048,256,constant_b8,fp16_fp32,603979776,3.171978,3.147782,12.067906,12.052753,3.8045364753475592,1.37438953472e12,433291.0047673723,728883.1237339767
N16384__b2048__constant_b32__fp32_tf32,16384,2048,64,constant_b32,fp32_tf32,276824064,2.422446,2.388215,24.982049,23.992577,10.312737208589995,2.92057776128e11,120563.17297805607,352096.54028810846
N16384__b2048__constant_b16__fp32_tf32,16384,2048,128,constant_b16,fp32_tf32,570425344,3.556013,3.549824,24.982049,23.992577,7.025297432827157,6.18475290624e11,173923.79910422149,352096.54028810846
N16384__b2048__constant_b8__fp32_tf32,16384,2048,256,constant_b8,fp32_tf32,1207959552,6.255915,6.19922,24.982049,23.992577,3.9933485349465268,1.37438953472e12,219694.40676863416,352096.54028810846
N16384__b2048__constant_b32__fp32,16384,2048,64,constant_b32,fp32,276824064,7.013399,6.986259,163.242438,163.234187,23.275795088800738,2.92057776128e11,41642.829122940246,53883.617091090004
N16384__b2048__constant_b16__fp32,16384,2048,128,constant_b16,fp32,570425344,13.282354,13.268864,163.242438,163.234187,12.290173714689429,6.18475290624e11,46563.680701779216,53883.617091090004
N16384__b2048__constant_b8__fp32,16384,2048,256,constant_b8,fp32,1207959552,28.15596,28.154948,163.242438,163.234187,5.797793362400003,1.37438953472e12,48813.44961137891,53883.617091090004
N16384__b4096__constant_b32__fp16_fp32,16384,4096,128,constant_b32,fp16_fp32,69206016,0.879276,0.873077,12.067906,12.052753,13.724821330276274,2.92057776128e11,332157.11122332467,728883.1237339767
N16384__b4096__constant_b16__fp16_fp32,16384,4096,256,constant_b16,fp16_fp32,142606336,1.368288,1.357883,12.067906,12.052753,8.819711931990927,6.18475290624e11,452006.6613344559,728883.1237339767
N16384__b4096__constant_b8__fp16_fp32,16384,4096,512,constant_b8,fp16_fp32,301989888,2.315036,2.303468,12.067906,12.052753,5.212837294970791,1.37438953472e12,593679.551730513,728883.1237339767
N16384__b4096__constant_b32__fp32_tf32,16384,4096,128,constant_b32,fp32_tf32,138412032,1.911571,1.895717,24.982049,23.992577,13.068857499930687,2.92057776128e11,152784.16345926988,352096.54028810846
N16384__b4096__constant_b16__fp32_tf32,16384,4096,256,constant_b16,fp32_tf32,285212672,3.121172,3.102655,24.982049,23.992577,8.004060333746425,6.18475290624e11,198154.8247337859,352096.54028810846
N16384__b4096__constant_b8__fp32_tf32,16384,4096,512,constant_b8,fp32_tf32,603979776,5.36419,5.358491,24.982049,23.992577,4.6571894358700945,1.37438953472e12,256215.66997440433,352096.54028810846
N16384__b4096__constant_b32__fp32,16384,4096,128,constant_b32,fp32,138412032,6.744176,6.729394,163.242438,163.234187,24.204949277717542,2.92057776128e11,43305.18303911405,53883.617091090004
N16384__b4096__constant_b16__fp32,16384,4096,256,constant_b16,fp32,285212672,13.033492,12.988694,163.242438,163.234187,12.524842766620026,6.18475290624e11,47452.76942081217,53883.617091090004
N16384__b4096__constant_b8__fp32,16384,4096,512,constant_b8,fp32,603979776,27.377364,27.360539,163.242438,163.234187,5.962679168089375,1.37438953472e12,50201.675176616714,53883.617091090004
N32768__b2048__constant_b32__fp16_fp32,32768,2048,64,constant_b32,fp16_fp32,1107296256,8.10933,8.085804,101.777362,96.394524,12.550649930388824,2.336462209024e12,288120.2527242078,691398.7825471837
N32768__b2048__constant_b16__fp16_fp32,32768,2048,128,constant_b16,fp16_fp32,2281701376,11.624943,11.624442,101.777362,96.394524,8.755084820630948,4.947802324992e12,425619.4912088601,691398.7825471837
N32768__b2048__constant_b8__fp16_fp32,32768,2048,256,constant_b8,fp16_fp32,4831838208,19.876825,19.570166,101.777362,96.394524,5.120403384343324,1.099511627776e13,553162.6040758522,691398.7825471837
N32768__b2048__constant_b32__fp32_tf32,32768,2048,64,constant_b32,fp32_tf32,2214592512,15.774374,15.67831,192.759864,192.586704,12.21981068789164,2.336462209024e12,148117.58672794243,365059.1088695933
N32768__b2048__constant_b16__fp32_tf32,32768,2048,128,constant_b16,fp32_tf32,4563402752,24.194038,23.021384,192.759864,192.586704,7.967246476177313,4.947802324992e12,204505.02412999433,365059.1088695933
N32768__b2048__constant_b8__fp32_tf32,32768,2048,256,constant_b8,fp32_tf32,9663676416,46.640681,44.061721,192.759864,192.586704,4.132869843817246,1.099511627776e13,235740.903477803,365059.1088695933
N32768__b2048__constant_b32__fp32,32768,2048,64,constant_b32,fp32,2214592512,51.487858,51.366705,1346.737056,1340.445791,26.156400913007488,2.336462209024e12,45378.89707946289,52251.28681516283
N32768__b2048__constant_b16__fp32,32768,2048,128,constant_b16,fp32,4563402752,102.93972,101.303902,1346.737056,1340.445791,13.082773646557422,4.947802324992e12,48065.04549450883,52251.28681516283
N32768__b2048__constant_b8__fp32,32768,2048,256,constant_b8,fp32,9663676416,214.394918,213.050215,1346.737056,1340.445791,6.281571730165731,1.099511627776e13,51284.4072067044,52251.28681516283
N32768__b4096__constant_b32__fp16_fp32,32768,4096,128,constant_b32,fp16_fp32,553648128,5.15707,5.151421,101.777362,96.394524,19.735501360268525,2.336462209024e12,453060.01450901385,691398.7825471837
N32768__b4096__constant_b16__fp16_fp32,32768,4096,256,constant_b16,fp16_fp32,1140850688,8.33018,8.318433,101.777362,96.394524,12.217906695893726,4.947802324992e12,593961.0338542504,691398.7825471837
N32768__b4096__constant_b8__fp16_fp32,32768,4096,512,constant_b8,fp16_fp32,2415919104,17.082482,16.933419,101.777362,96.394524,5.957996150676465,1.099511627776e13,643648.6382810179,691398.7825471837
N32768__b4096__constant_b32__fp32_tf32,32768,4096,128,constant_b32,fp32_tf32,1107296256,11.635528,11.586765,192.759864,192.586704,16.566490493598568,2.336462209024e12,200804.14133539965,365059.1088695933
N32768__b4096__constant_b16__fp32_tf32,32768,4096,256,constant_b16,fp32_tf32,2281701376,19.920992,19.77278,192.759864,192.586704,9.676218132109085,4.947802324992e12,248371.28216265535,365059.1088695933
N32768__b4096__constant_b8__fp32_tf32,32768,4096,512,constant_b8,fp32_tf32,4831838208,41.45699,41.448909,192.759864,192.586704,4.649634814297903,1.099511627776e13,265217.42841822334,365059.1088695933
N32768__b4096__constant_b32__fp32,32768,4096,128,constant_b32,fp32,1107296256,48.816778,48.772902,1346.737056,1340.445791,27.587585891063927,2.336462209024e12,47861.86849578643,52251.28681516283
N32768__b4096__constant_b16__fp32,32768,4096,256,constant_b16,fp32,2281701376,98.46484,98.405091,1346.737056,1340.445791,13.677339606706314,4.947802324992e12,50249.4324369186,52251.28681516283
N32768__b4096__constant_b8__fp32,32768,4096,512,constant_b8,fp32,4831838208,210.732483,210.692384,1346.737056,1340.445791,6.390742598520039,1.099511627776e13,52175.70694955462,52251.28681516283
N32768__b8192__constant_b32__fp16_fp32,32768,8192,256,constant_b32,fp16_fp32,276824064,4.256192,4.240448,101.777362,96.394524,23.912775081575266,2.336462209024e12,548956.0172623792,691398.7825471837
N32768__b8192__constant_b16__fp16_fp32,32768,8192,512,constant_b16,fp16_fp32,570425344,7.769271,7.768099,101.777362,96.394524,13.099988660454757,4.947802324992e12,636842.5461014296,691398.7825471837
N32768__b8192__constant_b8__fp16_fp32,32768,8192,1024,constant_b8,fp16_fp32,1207959552,16.939247,16.073101,101.777362,96.394524,6.008375815052463,1.099511627776e13,649091.206814565,691398.7825471837
N32768__b8192__constant_b32__fp32_tf32,32768,8192,256,constant_b32,fp32_tf32,553648128,10.723032,10.663523,192.759864,192.586704,17.976246270644346,2.336462209024e12,217891.93662986363,365059.1088695933
N32768__b8192__constant_b16__fp32_tf32,32768,8192,512,constant_b16,fp32_tf32,1140850688,18.429158,18.385923,192.759864,192.586704,10.459504661037688,4.947802324992e12,268476.8520076718,365059.1088695933
N32768__b8192__constant_b8__fp32_tf32,32768,8192,1024,constant_b8,fp32_tf32,2415919104,38.831229,36.397066,192.759864,192.586704,4.9640423175892785,1.099511627776e13,283151.385132827,365059.1088695933
N32768__b8192__constant_b32__fp32,32768,8192,256,constant_b32,fp32,553648128,48.620554,48.602146,1346.737056,1340.445791,27.69892453302774,2.336462209024e12,48055.0305746002,52251.28681516283
N32768__b8192__constant_b16__fp32,32768,8192,512,constant_b16,fp32,1140850688,98.054406,98.011651,1346.737056,1340.445791,13.734589917356697,4.947802324992e12,50459.76541831277,52251.28681516283
N32768__b8192__constant_b8__fp32,32768,8192,1024,constant_b8,fp32,2415919104,223.692642,223.242168,1346.737056,1340.445791,6.02047990474358,1.099511627776e13,49152.78472932516,52251.28681516283
N65536__b4096__constant_b32__fp16_fp32,65536,4096,128,constant_b32,fp16_fp32,4429185024,34.181829,33.097426,863.890099,855.243725,25.273372557097513,1.8691697672192e13,546831.4077690811,651645.3355270043
N65536__b4096__constant_b16__fp16_fp32,65536,4096,256,constant_b16,fp16_fp32,9126805504,67.55023,66.330414,863.890099,855.243725,12.788855034246367,3.9582418599936e13,585970.1528764003,651645.3355270043
N65536__b4096__constant_b8__fp16_fp32,65536,4096,512,constant_b8,fp16_fp32,19327352832,143.585472,141.367672,863.890099,855.243725,6.016556459138149,8.796093022208e13,612603.2738331633,651645.3355270043
N65536__b4096__constant_b32__fp32_tf32,65536,4096,128,constant_b32,fp32_tf32,8858370048,79.719346,78.640381,1826.774517,1811.973543,22.915071543612513,1.8691697672192e13,234468.77840909534,308166.08628075797
N65536__b4096__constant_b16__fp32_tf32,65536,4096,256,constant_b16,fp32_tf32,18253611008,150.083477,148.647217,1826.774517,1811.973543,12.171723053830904,3.9582418599936e13,263736.01805571176,308166.08628075797
N65536__b4096__constant_b8__fp32_tf32,65536,4096,512,constant_b8,fp32_tf32,38654705664,324.330043,319.456488,1826.774517,1811.973543,5.632455446009978,8.796093022208e13,271208.08608556807,308166.08628075797
N65536__b4096__constant_b32__fp32,65536,4096,128,constant_b32,fp32,8858370048,375.017766,373.675427,10828.968666,10810.237493,28.87588175222611,1.8691697672192e13,49842.16580339823,51985.55566873334
N65536__b4096__constant_b16__fp32,65536,4096,256,constant_b16,fp32,18253611008,859.75744,855.732967,10828.968666,10810.237493,12.595376512240477,3.9582418599936e13,46039.05329384065,51985.55566873334
N65536__b4096__constant_b8__fp32,65536,4096,512,constant_b8,fp32,38654705664,1860.884341,1855.943858,10828.968666,10810.237493,5.8192593851269345,8.796093022208e13,47268.34886192425,51985.55566873334
N65536__b8192__constant_b32__fp16_fp32,65536,8192,256,constant_b32,fp16_fp32,2214592512,29.421892,29.103815,863.890099,855.243725,29.362153154528606,1.8691697672192e13,635298.9696309129,651645.3355270043
N65536__b8192__constant_b16__fp16_fp32,65536,8192,512,constant_b16,fp16_fp32,4563402752,61.319869,60.433121,863.890099,855.243725,14.08825741294392,3.9582418599936e13,645507.2270284204,651645.3355270043
N65536__b8192__constant_b8__fp16_fp32,65536,8192,1024,constant_b8,fp16_fp32,9663676416,132.516661,130.817679,863.890099,855.243725,6.519105541000614,8.796093022208e13,663772.6121252029,651645.3355270043
N65536__b8192__constant_b32__fp32_tf32,65536,8192,256,constant_b32,fp32_tf32,4429185024,73.201894,72.716878,1826.774517,1811.973543,24.95529032349901,1.8691697672192e13,255344.45423218148,308166.08628075797
N65536__b8192__constant_b16__fp32_tf32,65536,8192,512,constant_b16,fp32_tf32,9126805504,141.371827,140.303527,1826.774517,1811.973543,12.92177200907222,3.9582418599936e13,279988.0247705648,308166.08628075797
N65536__b8192__constant_b8__fp32_tf32,65536,8192,1024,constant_b8,fp32_tf32,19327352832,308.884641,296.524991,1826.774517,1811.973543,5.914099552136683,8.796093022208e13,284769.5176338664,308166.08628075797
N65536__b8192__constant_b32__fp32,65536,8192,256,constant_b32,fp32,4429185024,369.645282,369.545823,10828.968666,10810.237493,29.29556846338972,1.8691697672192e13,50566.57986018066,51985.55566873334
N65536__b8192__constant_b16__fp32,65536,8192,512,constant_b16,fp32,9126805504,768.639554,765.94589,10828.968666,10810.237493,14.088487392622525,3.9582418599936e13,51496.72352138152,51985.55566873334
N65536__b8192__constant_b8__fp32,65536,8192,1024,constant_b8,fp32,19327352832,1841.470249,1839.309036,10828.968666,10810.237493,5.88061016564379,8.796093022208e13,47766.685489405376,51985.55566873334
N65536__b16384__constant_b32__fp16_fp32,65536,16384,512,constant_b32,fp16_fp32,1107296256,29.712305,29.459296,863.890099,855.243725,29.075162596775982,1.8691697672192e13,629089.4520701776,651645.3355270043
N65536__b16384__constant_b16__fp16_fp32,65536,16384,1024,constant_b16,fp16_fp32,2281701376,57.089205,57.047402,863.890099,855.243725,15.132284623686736,3.9582418599936e13,693343.314203377,651645.3355270043
N65536__b16384__constant_b8__fp16_fp32,65536,16384,2048,constant_b8,fp16_fp32,4831838208,130.918867,129.782616,863.890099,855.243725,6.598667700049679,8.796093022208e13,671873.59803595,651645.3355270043
N65536__b16384__constant_b32__fp32_tf32,65536,16384,512,constant_b32,fp32_tf32,2214592512,71.273085,70.9823,1826.774517,1811.973543,25.63063626332437,1.8691697672192e13,262254.64594653086,308166.08628075797
N65536__b16384__constant_b16__fp32_tf32,65536,16384,1024,constant_b16,fp32_tf32,4563402752,134.677673,134.496872,1826.774517,1811.973543,13.564048712068258,3.9582418599936e13,293904.8300896616,308166.08628075797
N65536__b16384__constant_b8__fp32_tf32,65536,16384,2048,constant_b8,fp32_tf32,9663676416,305.144465,286.299647,1826.774517,1811.973543,5.986589063642364,8.796093022208e13,288259.9565490398,308166.08628075797
N65536__b16384__constant_b32__fp32,65536,16384,512,constant_b32,fp32,2214592512,369.496931,369.470842,10828.968666,10810.237493,29.307330474146752,1.8691697672192e13,50586.88206585402,51985.55566873334
N65536__b16384__constant_b16__fp32,65536,16384,1024,constant_b16,fp32,4563402752,849.097468,847.76906,10828.968666,10810.237493,12.753504837915735,3.9582418599936e13,46617.0493867684,51985.55566873334
N65536__b16384__constant_b8__fp32,65536,16384,2048,constant_b8,fp32,9663676416,1847.567009,1847.284321,10828.968666,10810.237493,5.861204824100645,8.796093022208e13,47609.06088580195,51985.55566873334
