case_id,N,tile_size,rank,precision,rows_per_run,workspace_bytes,analysis_ms,analysis_min_ms,numeric_median_ms,numeric_min_ms,executed_flops,executed_gflops
N2048__b256__r32__fp16_fp32__rows1,2048,256,32,fp16_fp32,1,1179648,8.053317,7.350916,0.239648,0.239028,2.68435456e9,11201.23915075444
N2048__b256__r32__fp16_fp32__rows2,2048,256,32,fp16_fp32,2,2359296,3.258475,3.171534,0.147991,0.146859,2.68435456e9,18138.63383584137
N2048__b256__r32__fp16_fp32__rows3,2048,256,32,fp16_fp32,3,3538944,2.779107,2.698326,0.122974,0.121832,2.68435456e9,21828.63499601542
N2048__b256__r32__fp16_fp32__rows4,2048,256,32,fp16_fp32,4,4718592,2.536464,2.518317,0.099068,0.095853,2.68435456e9,27096.081075624825
N2048__b256__r32__fp16_fp32__rows5,2048,256,32,fp16_fp32,5,5898240,2.313651,2.300091,0.101752,0.098618,2.68435456e9,26381.344445318027
N2048__b256__r32__fp16_fp32__rows6,2048,256,32,fp16_fp32,6,7077888,2.424216,2.389805,0.10069,0.098327,2.68435456e9,26659.59439864932
N2048__b256__r32__fp16_fp32__rows7,2048,256,32,fp16_fp32,7,8257536,2.291097,2.288934,0.098918,0.097596,2.68435456e9,27137.169776987
N2048__b256__r32__fp16_fp32__rows8,2048,256,32,fp16_fp32,8,9437184,1.752221,1.742687,0.074932,0.072909,2.68435456e9,35823.874446164526
N2048__b256__r32__fp32_tf32__rows1,2048,256,32,fp32_tf32,1,2359296,5.05375,4.96713,0.336373,0.334881,2.68435456e9,7980.29140269879
N2048__b256__r32__fp32_tf32__rows2,2048,256,32,fp32_tf32,2,4718592,3.155731,3.125786,0.183975,0.181191,2.68435456e9,14590.865932871315
N2048__b256__r32__fp32_tf32__rows3,2048,256,32,fp32_tf32,3,7077888,2.628121,2.55994,0.163515,0.163134,2.68435456e9,16416.5645965202
N2048__b256__r32__fp32_tf32__rows4,2048,256,32,fp32_tf32,4,9437184,2.461121,2.357407,0.122153,0.121773,2.68435456e9,21975.34698288212
N2048__b256__r32__fp32_tf32__rows5,2048,256,32,fp32_tf32,5,11796480,2.319319,2.237317,0.127551,0.1273,2.68435456e9,21045.3431176549
N2048__b256__r32__fp32_tf32__rows6,2048,256,32,fp32_tf32,6,14155776,2.311348,2.227943,0.123234,0.120371,2.68435456e9,21782.580781277895
N2048__b256__r32__fp32_tf32__rows7,2048,256,32,fp32_tf32,7,16515072,2.250577,2.242124,0.127591,0.125448,2.68435456e9,21038.745366052462
N2048__b256__r32__fp32_tf32__rows8,2048,256,32,fp32_tf32,8,18874368,1.868094,1.814685,0.085878,0.083225,2.68435456e9,31257.76753068306
N2048__b256__r32__fp32__rows1,2048,256,32,fp32,1,2359296,4.798267,4.710225,1.349409,0.864464,2.68435456e9,1989.2816484846328
N2048__b256__r32__fp32__rows2,2048,256,32,fp32,2,4718592,3.003163,3.003132,0.40076,0.397304,2.68435456e9,6698.159896197225
N2048__b256__r32__fp32__rows3,2048,256,32,fp32,3,7077888,2.568442,2.430927,0.373359,0.372057,2.68435456e9,7189.741133868475
N2048__b256__r32__fp32__rows4,2048,256,32,fp32,4,9437184,2.404407,2.281693,0.292258,0.290675,2.68435456e9,9184.879661121338
N2048__b256__r32__fp32__rows5,2048,256,32,fp32,5,11796480,2.168093,2.090246,0.30719,0.304936,2.68435456e9,8738.417787037339
N2048__b256__r32__fp32__rows6,2048,256,32,fp32,6,14155776,2.251828,1.963978,0.302383,0.300739,2.68435456e9,8877.332918847951
N2048__b256__r32__fp32__rows7,2048,256,32,fp32,7,16515072,2.268393,2.083427,0.315712,0.31427,2.68435456e9,8502.542063652949
N2048__b256__r32__fp32__rows8,2048,256,32,fp32,8,18874368,1.716718,1.702126,0.206019,0.205868,2.68435456e9,13029.645615210247
N4096__b512__r64__fp16_fp32__rows1,4096,512,64,fp16_fp32,1,4718592,5.415511,4.975653,0.36708,0.356633,2.147483648e10,58501.788384003485
N4096__b512__r64__fp16_fp32__rows2,4096,512,64,fp16_fp32,2,9437184,5.012238,4.882644,0.259158,0.254791,2.147483648e10,82863.87639972527
N4096__b512__r64__fp16_fp32__rows3,4096,512,64,fp16_fp32,3,14155776,4.116068,2.896292,0.230995,0.230706,2.147483648e10,92966.67235221542
N4096__b512__r64__fp16_fp32__rows4,4096,512,64,fp16_fp32,4,18874368,5.403092,4.034305,0.199238,0.197496,2.147483648e10,107784.8426504984
N4096__b512__r64__fp16_fp32__rows5,4096,512,64,fp16_fp32,5,23592960,3.620526,3.43621,0.205738,0.205477,2.147483648e10,104379.53358154546
N4096__b512__r64__fp16_fp32__rows6,4096,512,64,fp16_fp32,6,28311552,3.499705,3.477201,0.204065,0.203505,2.147483648e10,105235.2754269473
N4096__b512__r64__fp16_fp32__rows7,4096,512,64,fp16_fp32,7,33030144,3.717241,2.47355,0.208322,0.205067,2.147483648e10,103084.82291836676
N4096__b512__r64__fp16_fp32__rows8,4096,512,64,fp16_fp32,8,37748736,2.703384,2.641011,0.177766,0.177345,2.147483648e10,120803.95846224812
N4096__b512__r64__fp32_tf32__rows1,4096,512,64,fp32_tf32,1,9437184,8.908597,5.66909,0.626877,0.625275,2.147483648e10,34256.858171539236
N4096__b512__r64__fp32_tf32__rows2,4096,512,64,fp32_tf32,2,18874368,5.580318,5.216093,0.377124,0.37435,2.147483648e10,56943.70148810471
N4096__b512__r64__fp32_tf32__rows3,4096,512,64,fp32_tf32,3,28311552,3.280177,3.002251,0.364405,0.362833,2.147483648e10,58931.23442323788
N4096__b512__r64__fp32_tf32__rows4,4096,512,64,fp32_tf32,4,37748736,2.77388,2.541231,0.294922,0.294861,2.147483648e10,72815.30872569696
N4096__b512__r64__fp32_tf32__rows5,4096,512,64,fp32_tf32,5,47185920,2.176676,2.114804,0.316343,0.316193,2.147483648e10,67884.65836133563
N4096__b512__r64__fp32_tf32__rows6,4096,512,64,fp32_tf32,6,56623104,2.222916,2.216315,0.287741,0.28751,2.147483648e10,74632.52188600165
N4096__b512__r64__fp32_tf32__rows7,4096,512,64,fp32_tf32,7,66060288,2.220412,2.072079,0.309723,0.309203,2.147483648e10,69335.62079664733
N4096__b512__r64__fp32_tf32__rows8,4096,512,64,fp32_tf32,8,75497472,1.649547,1.638922,0.240269,0.239739,2.147483648e10,89378.30714740562
N4096__b512__r64__fp32__rows1,4096,512,64,fp32,1,9437184,5.112118,4.797066,1.696849,1.696728,2.147483648e10,12655.714491978957
N4096__b512__r64__fp32__rows2,4096,512,64,fp32,2,18874368,3.10833,2.889943,1.010552,1.007708,2.147483648e10,21250.60014724626
N4096__b512__r64__fp32__rows3,4096,512,64,fp32,3,28311552,2.598186,2.52031,1.074488,1.073656,2.147483648e10,19986.11104079338
N4096__b512__r64__fp32__rows4,4096,512,64,fp32,4,37748736,2.398939,2.274122,0.874989,0.873817,2.147483648e10,24542.978803162096
N4096__b512__r64__fp32__rows5,4096,512,64,fp32,5,47185920,2.307912,2.108014,0.971814,0.965894,2.147483648e10,22097.681737451818
N4096__b512__r64__fp32__rows6,4096,512,64,fp32,6,56623104,2.270256,2.198879,0.826066,0.824984,2.147483648e10,25996.514176833327
N4096__b512__r64__fp32__rows7,4096,512,64,fp32,7,66060288,2.248163,2.177628,0.916521,0.9159,2.147483648e10,23430.817711760013
N4096__b512__r64__fp32__rows8,4096,512,64,fp32,8,75497472,1.697429,1.568366,0.711475,0.705665,2.147483648e10,30183.543314944305
N8192__b1024__r128__fp16_fp32__rows1,8192,1024,128,fp16_fp32,1,18874368,5.119328,4.903566,0.939536,0.938203,1.7179869184e11,182854.82604179083
N8192__b1024__r128__fp16_fp32__rows2,8192,1024,128,fp16_fp32,2,37748736,3.156011,3.129852,0.812165,0.806988,1.7179869184e11,211531.75997488195
N8192__b1024__r128__fp16_fp32__rows3,8192,1024,128,fp16_fp32,3,56623104,2.651387,2.599218,0.803792,0.799446,1.7179869184e11,213735.25966916815
N8192__b1024__r128__fp16_fp32__rows4,8192,1024,128,fp16_fp32,4,75497472,2.505558,2.463825,0.755891,0.754008,1.7179869184e11,227279.7160437153
N8192__b1024__r128__fp16_fp32__rows5,8192,1024,128,fp16_fp32,5,94371840,2.275504,2.044888,0.767247,0.765775,1.7179869184e11,223915.7557344636
N8192__b1024__r128__fp16_fp32__rows6,8192,1024,128,fp16_fp32,6,113246208,2.243847,2.23955,0.758034,0.753678,1.7179869184e11,226637.18492838053
N8192__b1024__r128__fp16_fp32__rows7,8192,1024,128,fp16_fp32,7,132120576,2.160171,2.044598,0.763583,0.763101,1.7179869184e11,224990.19993897193
N8192__b1024__r128__fp16_fp32__rows8,8192,1024,128,fp16_fp32,8,150994944,1.639192,1.628517,0.718224,0.716963,1.7179869184e11,239199.31920960592
N8192__b1024__r128__fp32_tf32__rows1,8192,1024,128,fp32_tf32,1,37748736,5.099258,5.055312,1.529688,1.527274,1.7179869184e11,112309.629048538
N8192__b1024__r128__fp32_tf32__rows2,8192,1024,128,fp32_tf32,2,75497472,3.097784,2.998365,1.352694,1.348577,1.7179869184e11,127004.84502777421
N8192__b1024__r128__fp32_tf32__rows3,8192,1024,128,fp32_tf32,3,113246208,2.571277,2.52674,1.282248,1.278623,1.7179869184e11,133982.4213724646
N8192__b1024__r128__fp32_tf32__rows4,8192,1024,128,fp32_tf32,4,150994944,2.382374,2.295714,1.20976,1.204672,1.7179869184e11,142010.557333686
N8192__b1024__r128__fp32_tf32__rows5,8192,1024,128,fp32_tf32,5,188743680,2.205449,2.171799,1.228337,1.226856,1.7179869184e11,139862.83230090764
N8192__b1024__r128__fp32_tf32__rows6,8192,1024,128,fp32_tf32,6,226492416,2.201824,2.189705,1.246665,1.245183,1.7179869184e11,137806.6215382641
N8192__b1024__r128__fp32_tf32__rows7,8192,1024,128,fp32_tf32,7,264241152,2.258298,2.242915,1.225273,1.221277,1.7179869184e11,140212.58269789672
N8192__b1024__r128__fp32_tf32__rows8,8192,1024,128,fp32_tf32,8,301989888,1.636097,1.633643,1.169699,1.16293,1.7179869184e11,146874.27435605228
N8192__b1024__r128__fp32__rows1,8192,1024,128,fp32,1,37748736,5.26085,5.064015,4.877286,4.870215,1.7179869184e11,35224.23984158403
N8192__b1024__r128__fp32__rows2,8192,1024,128,fp32,2,75497472,3.132646,3.107488,4.594683,4.578239,1.7179869184e11,37390.760546483834
N8192__b1024__r128__fp32__rows3,8192,1024,128,fp32,3,113246208,2.682423,2.648723,4.347714,4.291149,1.7179869184e11,39514.71781262521
N8192__b1024__r128__fp32__rows4,8192,1024,128,fp32,4,150994944,2.626108,2.492509,4.047976,4.022998,1.7179869184e11,42440.63992474263
N8192__b1024__r128__fp32__rows5,8192,1024,128,fp32,5,188743680,2.609314,2.519579,4.179682,4.178931,1.7179869184e11,41103.29250885594
N8192__b1024__r128__fp32__rows6,8192,1024,128,fp32,6,226492416,2.418688,2.399119,4.269257,4.243678,1.7179869184e11,40240.88777977058
N8192__b1024__r128__fp32__rows7,8192,1024,128,fp32,7,264241152,2.442274,2.361212,4.16469,4.162467,1.7179869184e11,41251.25563727432
N8192__b1024__r128__fp32__rows8,8192,1024,128,fp32,8,301989888,1.917158,1.883918,3.985832,3.967485,1.7179869184e11,43102.341453428045
N16384__b2048__r256__fp16_fp32__rows1,16384,2048,256,fp16_fp32,1,75497472,5.745385,5.701609,4.763876,4.763846,1.37438953472e12,288502.3738485217
N16384__b2048__r256__fp16_fp32__rows2,16384,2048,256,fp16_fp32,2,150994944,3.546415,3.360707,4.645349,4.635874,1.37438953472e12,295863.5690709137
N16384__b2048__r256__fp16_fp32__rows3,16384,2048,256,fp16_fp32,3,226492416,3.740155,3.679885,4.609064,4.593722,1.37438953472e12,298192.7642402015
N16384__b2048__r256__fp16_fp32__rows4,16384,2048,256,fp16_fp32,4,301989888,2.793388,2.419149,4.599851,4.598419,1.37438953472e12,298790.01183299196
N16384__b2048__r256__fp16_fp32__rows5,16384,2048,256,fp16_fp32,5,377487360,2.577055,2.517476,4.596446,4.594723,1.37438953472e12,299011.35240575
N16384__b2048__r256__fp16_fp32__rows6,16384,2048,256,fp16_fp32,6,452984832,2.491908,2.470927,4.651328,4.593101,1.37438953472e12,295483.2543996037
N16384__b2048__r256__fp16_fp32__rows7,16384,2048,256,fp16_fp32,7,528482304,2.599479,2.534962,4.640121,4.630537,1.37438953472e12,296196.9170028109
N16384__b2048__r256__fp16_fp32__rows8,16384,2048,256,fp16_fp32,8,603979776,1.993032,1.913782,4.643306,4.640812,1.37438953472e12,295993.74555973697
N16384__b2048__r256__fp32_tf32__rows1,16384,2048,256,fp32_tf32,1,150994944,16.97998,5.090435,7.87446,7.873408,1.37438953472e12,174537.6234967223
N16384__b2048__r256__fp32_tf32__rows2,16384,2048,256,fp32_tf32,2,301989888,27.258385,5.499377,7.712347,7.709412,1.37438953472e12,178206.392259062
N16384__b2048__r256__fp32_tf32__rows3,16384,2048,256,fp32_tf32,3,452984832,4.56565,4.488895,7.62143,7.576904,1.37438953472e12,180332.23879508176
N16384__b2048__r256__fp32_tf32__rows4,16384,2048,256,fp32_tf32,4,603979776,4.082877,4.013083,7.681301,7.641611,1.37438953472e12,178926.66030402924
N16384__b2048__r256__fp32_tf32__rows5,16384,2048,256,fp32_tf32,5,754974720,4.112752,3.961736,8.060438,8.049531,1.37438953472e12,170510.52743287646
N16384__b2048__r256__fp32_tf32__rows6,16384,2048,256,fp32_tf32,6,905969664,4.012683,3.900094,7.666798,7.657906,1.37438953472e12,179265.12929126344
N16384__b2048__r256__fp32_tf32__rows7,16384,2048,256,fp32_tf32,7,1056964608,4.041216,3.983518,7.602713,7.583775,1.37438953472e12,180776.19590796076
N16384__b2048__r256__fp32_tf32__rows8,16384,2048,256,fp32_tf32,8,1207959552,1.594835,1.570669,7.662262,7.657786,1.37438953472e12,179371.2528650156
N16384__b2048__r256__fp32__rows1,16384,2048,256,fp32,1,150994944,5.821208,5.705465,30.321939,30.317552,1.37438953472e12,45326.57145441787
N16384__b2048__r256__fp32__rows2,16384,2048,256,fp32,2,301989888,4.979649,4.819189,30.013197,29.942101,1.37438953472e12,45792.840220253776
N16384__b2048__r256__fp32__rows3,16384,2048,256,fp32,3,452984832,4.170348,4.100504,29.585567,29.569673,1.37438953472e12,46454.730264929516
N16384__b2048__r256__fp32__rows4,16384,2048,256,fp32,4,603979776,3.778202,3.744471,29.476985,29.475232,1.37438953472e12,46625.85182032694
N16384__b2048__r256__fp32__rows5,16384,2048,256,fp32,5,754974720,3.708107,3.56336,29.330906,29.302404,1.37438953472e12,46858.06618861347
N16384__b2048__r256__fp32__rows6,16384,2048,256,fp32,6,905969664,3.644551,3.600386,29.473599,29.473029,1.37438953472e12,46631.2083135826
N16384__b2048__r256__fp32__rows7,16384,2048,256,fp32,7,1056964608,3.733184,3.664371,29.355624,29.346579,1.37438953472e12,46818.610795669
N16384__b2048__r256__fp32__rows8,16384,2048,256,fp32,8,1207959552,2.879287,2.855832,29.130175,29.112779,1.37438953472e12,47180.957022057024
N32768__b4096__r512__fp16_fp32__rows1,32768,4096,512,fp16_fp32,1,301989888,7.232489,6.594845,36.634211,35.806063,1.099511627776e13,300132.47119639075
N32768__b4096__r512__fp16_fp32__rows2,32768,4096,512,fp16_fp32,2,603979776,5.993375,5.974758,38.687924,37.7635,1.099511627776e13,284200.21394169406
N32768__b4096__r512__fp16_fp32__rows3,32768,4096,512,fp16_fp32,3,905969664,5.023424,4.91312,37.282341,36.863665,1.099511627776e13,294914.8573519029
N32768__b4096__r512__fp16_fp32__rows4,32768,4096,512,fp16_fp32,4,1207959552,6.753853,4.11776,38.307844,37.858373,1.099511627776e13,287019.9710993915
N32768__b4096__r512__fp16_fp32__rows5,32768,4096,512,fp16_fp32,5,1509949440,6.031953,4.460372,38.280934,36.368564,1.099511627776e13,287221.73491796205
N32768__b4096__r512__fp16_fp32__rows6,32768,4096,512,fp16_fp32,6,1811939328,4.433893,4.186482,39.50845,37.219307,1.099511627776e13,278297.839519394
N32768__b4096__r512__fp16_fp32__rows7,32768,4096,512,fp16_fp32,7,2113929216,4.183458,4.180464,37.826595,35.799052,1.099511627776e13,290671.58378278563
N32768__b4096__r512__fp16_fp32__rows8,32768,4096,512,fp16_fp32,8,2415919104,3.281578,3.267838,37.918623,37.541829,1.099511627776e13,289966.12766660855
N32768__b4096__r512__fp32_tf32__rows1,32768,4096,512,fp32_tf32,1,603979776,6.112443,6.050341,61.24061,61.078978,1.099511627776e13,179539.6270180849
N32768__b4096__r512__fp32_tf32__rows2,32768,4096,512,fp32_tf32,2,1207959552,5.959504,5.619226,63.765497,61.653027,1.099511627776e13,172430.4960370653
N32768__b4096__r512__fp32_tf32__rows3,32768,4096,512,fp32_tf32,3,1811939328,5.214791,4.889103,61.803282,60.629275,1.099511627776e13,177905.05490889627
N32768__b4096__r512__fp32_tf32__rows4,32768,4096,512,fp32_tf32,4,2415919104,3.100469,2.925777,64.34901,61.331326,1.099511627776e13,170866.90654230732
N32768__b4096__r512__fp32_tf32__rows5,32768,4096,512,fp32_tf32,5,3019898880,27.23442,2.489575,63.091189,60.668474,1.099511627776e13,174273.40413191452
N32768__b4096__r512__fp32_tf32__rows6,32768,4096,512,fp32_tf32,6,3623878656,3.100899,2.636343,64.329821,62.854604,1.099511627776e13,170917.87458510106
N32768__b4096__r512__fp32_tf32__rows7,32768,4096,512,fp32_tf32,7,4227858432,2.955611,2.936923,64.781618,63.565628,1.099511627776e13,169725.8669544191
N32768__b4096__r512__fp32_tf32__rows8,32768,4096,512,fp32_tf32,8,4831838208,2.348994,2.226831,65.908423,64.047469,1.099511627776e13,166824.1444308264
N32768__b4096__r512__fp32__rows1,32768,4096,512,fp32,1,603979776,5.91642,5.891414,241.675094,241.641974,1.099511627776e13,45495.446368834346
N32768__b4096__r512__fp32__rows2,32768,4096,512,fp32,2,1207959552,3.163342,3.119376,227.430154,226.943007,1.099511627776e13,48345.02410687371
N32768__b4096__r512__fp32__rows3,32768,4096,512,fp32,3,1811939328,2.658878,2.611197,225.791384,225.737352,1.099511627776e13,48695.907182003015
N32768__b4096__r512__fp32__rows4,32768,4096,512,fp32,4,2415919104,2.345709,2.290797,228.541057,227.130097,1.099511627776e13,48110.02636502202
N32768__b4096__r512__fp32__rows5,32768,4096,512,fp32,5,3019898880,2.279621,2.264347,228.575339,227.164658,1.099511627776e13,48102.81076630056
N32768__b4096__r512__fp32__rows6,32768,4096,512,fp32,6,3623878656,2.34668,2.013222,228.254328,227.608422,1.099511627776e13,48170.46131874441
N32768__b4096__r512__fp32__rows7,32768,4096,512,fp32,7,4227858432,6.326584,4.474834,225.959206,224.772401,1.099511627776e13,48659.740279668
N32768__b4096__r512__fp32__rows8,32768,4096,512,fp32,8,4831838208,1.704831,1.700975,225.537225,225.349764,1.099511627776e13,48750.78283755598
N65536__b8192__r1024__fp16_fp32__rows1,65536,8192,1024,fp16_fp32,1,1207959552,5.222774,4.88526,325.419528,311.524817,8.796093022208e13,270300.0977313199
N65536__b8192__r1024__fp16_fp32__rows2,65536,8192,1024,fp16_fp32,2,2415919104,3.204695,3.079358,330.527891,317.744323,8.796093022208e13,266122.5651970169
N65536__b8192__r1024__fp16_fp32__rows3,65536,8192,1024,fp16_fp32,3,3623878656,3.203053,3.046318,332.175166,324.92656,8.796093022208e13,264802.8486936317
N65536__b8192__r1024__fp16_fp32__rows4,65536,8192,1024,fp16_fp32,4,4831838208,2.883084,2.871717,314.461361,314.055474,8.796093022208e13,279719.35865939345
N65536__b8192__r1024__fp16_fp32__rows5,65536,8192,1024,fp16_fp32,5,6039797760,2.307432,2.251068,350.549919,312.997671,8.796093022208e13,250922.69447102625
N65536__b8192__r1024__fp16_fp32__rows6,65536,8192,1024,fp16_fp32,6,7247757312,4.05691,3.754037,344.621058,340.145341,8.796093022208e13,255239.5687383677
N65536__b8192__r1024__fp16_fp32__rows7,65536,8192,1024,fp16_fp32,7,8455716864,3.861908,3.476702,337.286514,334.702097,8.796093022208e13,260789.94140299366
N65536__b8192__r1024__fp16_fp32__rows8,65536,8192,1024,fp16_fp32,8,9663676416,3.195752,2.160844,342.44332,334.366295,8.796093022208e13,256862.74219651884
N65536__b8192__r1024__fp32_tf32__rows1,65536,8192,1024,fp32_tf32,1,2415919104,4.715475,4.599202,543.104535,516.612275,8.796093022208e13,161959.4839547418
N65536__b8192__r1024__fp32_tf32__rows2,65536,8192,1024,fp32_tf32,2,4831838208,2.937435,2.90018,545.409434,523.380202,8.796093022208e13,161275.04355210694
N65536__b8192__r1024__fp32_tf32__rows3,65536,8192,1024,fp32_tf32,3,7247757312,4.445632,4.105453,557.386305,550.17872,8.796093022208e13,157809.63657167717
N65536__b8192__r1024__fp32_tf32__rows4,65536,8192,1024,fp32_tf32,4,9663676416,3.231134,3.0879,583.058307,571.607504,8.796093022208e13,150861.29322925504
N65536__b8192__r1024__fp32_tf32__rows5,65536,8192,1024,fp32_tf32,5,12079595520,3.66275,2.687922,617.090259,573.849518,8.796093022208e13,142541.43367069418
N65536__b8192__r1024__fp32_tf32__rows6,65536,8192,1024,fp32_tf32,6,14495514624,2.107273,2.026272,644.388003,625.143458,8.796093022208e13,136503.0537697332
N65536__b8192__r1024__fp32_tf32__rows7,65536,8192,1024,fp32_tf32,7,16911433728,2.510887,2.42588,648.443793,646.807403,8.796093022208e13,135649.2747276247
N65536__b8192__r1024__fp32_tf32__rows8,65536,8192,1024,fp32_tf32,8,19327352832,1.894404,1.881806,728.650004,708.306234,8.796093022208e13,120717.66930516616
N65536__b8192__r1024__fp32__rows1,65536,8192,1024,fp32,1,2415919104,4.504901,4.482577,1878.689574,1877.217852,8.796093022208e13,46820.36427912811
N65536__b8192__r1024__fp32__rows2,65536,8192,1024,fp32,2,4831838208,3.450192,3.394619,1820.886635,1814.521261,8.796093022208e13,48306.648273070554
N65536__b8192__r1024__fp32__rows3,65536,8192,1024,fp32,3,7247757312,2.417968,2.332079,1822.444287,1819.948513,8.796093022208e13,48265.3603457344
N65536__b8192__r1024__fp32__rows4,65536,8192,1024,fp32,4,9663676416,4.039665,3.801649,1821.22941,1811.13099,8.796093022208e13,48297.55644132718
N65536__b8192__r1024__fp32__rows5,65536,8192,1024,fp32,5,12079595520,3.796942,3.596973,1829.613826,1828.523054,8.796093022208e13,48076.227328465764
N65536__b8192__r1024__fp32__rows6,65536,8192,1024,fp32,6,14495514624,3.661098,3.486126,1827.756478,1825.65247,8.796093022208e13,48125.081913718706
N65536__b8192__r1024__fp32__rows7,65536,8192,1024,fp32,7,16911433728,3.763551,3.68946,1826.548491,1825.74572,8.796093022208e13,48156.90941439123
N65536__b8192__r1024__fp32__rows8,65536,8192,1024,fp32,8,19327352832,1.606384,1.576368,1829.99565,1829.261451,8.796093022208e13,48066.19634428093
