run_id,timestamp_utc,experiment,record_kind,case_id,baseline_case_id,operand_layout,N,tile_divisor,tile_size,tile_grid,distribution,rank_band,min_rank,max_rank,mean_rank_A,mean_rank_B,mean_execution_rank_A,mean_execution_rank_B,exact_rank_count_A,exact_rank_count_B,execution_rank_count_A,execution_rank_count_B,execution_rank_policy,precision,storage_type,compute_mode,seed,factor_fill,warmup,repetitions,analysis_repetitions,workspace_policy,workspace_parameter,A_storage_kind,B_storage_kind,A_storage_bytes,B_storage_bytes,operand_storage_bytes,workspace_bytes,dense_reference_bytes,memory_ratio,analysis_median_ms,analysis_min_ms,numeric_median_ms,numeric_min_ms,dense_median_ms,dense_min_ms,speedup_median,speedup_best,exact_flops,executed_flops,padding_waste_pct,executed_gflops_median,dense_gflops_median,has_fallback,numeric_samples_ms,dense_samples_ms,gpu_name,julia_version
memory_sweep__20260802T115938.626Z__pid7083,20260802T115938.626Z,memory_sweep,baseline,dense__N16384__fp16,dense__N16384__fp16,dense_dense,16384,,,,,,,,,,,,,,,,,fp16,Float16,fp32_accumulate,20260802,random,2,5,0,none,0,dense,dense,536870912,536870912,1073741824,0,1073741824,1.0,,,11.356405,10.740472,11.356405,10.740472,1.0,1.0,8.796093022208e12,8.796093022208e12,0.0,774549.0780055836,774549.0780055836,false,10.740472;10.755055;11.356405;12.066166;12.116412,10.740472;10.755055;11.356405;12.066166;12.116412,NVIDIA H100 80GB HBM3,1.12.6
memory_sweep__20260802T115938.626Z__pid7083,20260802T115938.626Z,memory_sweep,compressed,compressed_dense__N16384__q16__uniform__r32-64__fp16__q8__w1,dense__N16384__fp16,compressed_dense,16384,16,1024,16,uniform,b32_b16,32,64,47.20703125,,50.75,,33,,5,,q8,fp16,Float16,fp32_accumulate,20260802,random,2,5,3,one_or_more_tile_stripes,1,compressed_tlr,dense,53215232,536870912,590086144,26607616,1073741824,0.5743408203125,67.601472,66.955976,5.386922,5.351899,11.356405,10.740472,2.108143574382551,2.0068525209463033,8.1101062144e11,8.71878361088e11,6.98121921182266,161850.9347430685,774549.0780055836,false,5.386922;5.397387;5.351899;5.377438;5.389284,,NVIDIA H100 80GB HBM3,1.12.6
memory_sweep__20260802T115938.626Z__pid7083,20260802T115938.626Z,memory_sweep,compressed,compressed_dense__N16384__q16__uniform__r32-64__fp16__q8__w2,dense__N16384__fp16,compressed_dense,16384,16,1024,16,uniform,b32_b16,32,64,47.20703125,,50.75,,33,,5,,q8,fp16,Float16,fp32_accumulate,20260802,random,2,5,3,one_or_more_tile_stripes,2,compressed_tlr,dense,53215232,536870912,590086144,53215232,1073741824,0.59912109375,27.091511,27.036909,5.463125,5.441313,11.356405,10.740472,2.0787379018418948,1.9738750555242826,8.1101062144e11,8.71878361088e11,6.98121921182266,159593.33917638715,774549.0780055836,false,5.441313;5.463125;5.443997;5.471048;5.490095,,NVIDIA H100 80GB HBM3,1.12.6
memory_sweep__20260802T115938.626Z__pid7083,20260802T115938.626Z,memory_sweep,compressed,compressed_dense__N16384__q16__uniform__r32-64__fp16__q8__w4,dense__N16384__fp16,compressed_dense,16384,16,1024,16,uniform,b32_b16,32,64,47.20703125,,50.75,,33,,5,,q8,fp16,Float16,fp32_accumulate,20260802,random,2,5,3,one_or_more_tile_stripes,4,compressed_tlr,dense,53215232,536870912,590086144,106430464,1073741824,0.648681640625,13.413512,13.307995,5.705338,5.677786,11.356405,10.740472,1.9904876801339377,1.891665518918818,8.1101062144e11,8.71878361088e11,6.98121921182266,152818.00326080594,774549.0780055836,false,5.695463;5.677786;5.705338;5.721432;5.72003,,NVIDIA H100 80GB HBM3,1.12.6
memory_sweep__20260802T115938.626Z__pid7083,20260802T115938.626Z,memory_sweep,compressed,compressed_dense__N16384__q16__uniform__r32-64__fp16__q8__w8,dense__N16384__fp16,compressed_dense,16384,16,1024,16,uniform,b32_b16,32,64,47.20703125,,50.75,,33,,5,,q8,fp16,Float16,fp32_accumulate,20260802,random,2,5,3,one_or_more_tile_stripes,8,compressed_tlr,dense,53215232,536870912,590086144,212860928,1073741824,0.747802734375,6.771202,6.671523,5.811597,5.775813,11.356405,10.740472,1.9540936854362063,1.8595602039054935,8.1101062144e11,8.71878361088e11,6.98121921182266,150023.88518818494,774549.0780055836,false,5.775813;5.811597;5.788733;5.818097;5.823144,,NVIDIA H100 80GB HBM3,1.12.6
memory_sweep__20260802T115938.626Z__pid7083,20260802T115938.626Z,memory_sweep,compressed,compressed_dense__N16384__q16__uniform__r32-64__fp16__q8__w16,dense__N16384__fp16,compressed_dense,16384,16,1024,16,uniform,b32_b16,32,64,47.20703125,,50.75,,33,,5,,q8,fp16,Float16,fp32_accumulate,20260802,random,2,5,3,one_or_more_tile_stripes,16,compressed_tlr,dense,53215232,536870912,590086144,425721856,1073741824,0.946044921875,3.304204,3.288732,5.8543,5.836203,11.356405,10.740472,1.9398399467058403,1.840318439917186,8.1101062144e11,8.71878361088e11,6.98121921182266,148929.56648753906,774549.0780055836,false,5.883655;5.851387;5.836203;5.8543;5.864176,,NVIDIA H100 80GB HBM3,1.12.6
memory_sweep__20260802T115938.626Z__pid7083,20260802T115938.626Z,memory_sweep,compressed,dense_compressed__N16384__q16__uniform__r32-64__fp16__q8__w1,dense__N16384__fp16,dense_compressed,16384,16,1024,16,uniform,b32_b16,32,64,,47.20703125,,50.75,,33,,5,q8,fp16,Float16,fp32_accumulate,20260802,random,2,5,3,one_or_more_tile_stripes,1,dense,compressed_tlr,536870912,53215232,590086144,26607616,1073741824,0.5743408203125,52.672552,52.341596,3.626477,3.614228,11.356405,10.740472,3.1315254446670973,2.971719548407018,8.1101062144e11,8.71878361088e11,6.98121921182266,240420.20977604436,774549.0780055836,false,3.651014;3.626477;3.614228;3.630593;3.626127,,NVIDIA H100 80GB HBM3,1.12.6
memory_sweep__20260802T115938.626Z__pid7083,20260802T115938.626Z,memory_sweep,compressed,dense_compressed__N16384__q16__uniform__r32-64__fp16__q8__w2,dense__N16384__fp16,dense_compressed,16384,16,1024,16,uniform,b32_b16,32,64,,47.20703125,,50.75,,33,,5,q8,fp16,Float16,fp32_accumulate,20260802,random,2,5,3,one_or_more_tile_stripes,2,dense,compressed_tlr,536870912,53215232,590086144,53215232,1073741824,0.59912109375,26.042922,25.993768,3.839425,3.824693,11.356405,10.740472,2.9578400411519956,2.8081919254695737,8.1101062144e11,8.71878361088e11,6.98121921182266,227085.66024547946,774549.0780055836,false,3.867888;3.858224;3.839425;3.833266;3.824693,,NVIDIA H100 80GB HBM3,1.12.6
memory_sweep__20260802T115938.626Z__pid7083,20260802T115938.626Z,memory_sweep,compressed,dense_compressed__N16384__q16__uniform__r32-64__fp16__q8__w4,dense__N16384__fp16,dense_compressed,16384,16,1024,16,uniform,b32_b16,32,64,,47.20703125,,50.75,,33,,5,q8,fp16,Float16,fp32_accumulate,20260802,random,2,5,3,one_or_more_tile_stripes,4,dense,compressed_tlr,536870912,53215232,590086144,106430464,1073741824,0.648681640625,13.556687,13.361245,4.1633,4.142019,11.356405,10.740472,2.727741214901641,2.593052325448048,8.1101062144e11,8.71878361088e11,6.98121921182266,209420.01803569286,774549.0780055836,false,4.168227;4.1633;4.142019;4.147907;4.175148,,NVIDIA H100 80GB HBM3,1.12.6
memory_sweep__20260802T115938.626Z__pid7083,20260802T115938.626Z,memory_sweep,compressed,dense_compressed__N16384__q16__uniform__r32-64__fp16__q8__w8,dense__N16384__fp16,dense_compressed,16384,16,1024,16,uniform,b32_b16,32,64,,47.20703125,,50.75,,33,,5,q8,fp16,Float16,fp32_accumulate,20260802,random,2,5,3,one_or_more_tile_stripes,8,dense,compressed_tlr,536870912,53215232,590086144,212860928,1073741824,0.747802734375,6.604703,6.5892,4.393284,4.376829,11.356405,10.740472,2.584946705016111,2.4539391417850687,8.1101062144e11,8.71878361088e11,6.98121921182266,198457.0906611091,774549.0780055836,false,4.376829;4.380275;4.409428;4.393284;4.39688,,NVIDIA H100 80GB HBM3,1.12.6
memory_sweep__20260802T115938.626Z__pid7083,20260802T115938.626Z,memory_sweep,compressed,dense_compressed__N16384__q16__uniform__r32-64__fp16__q8__w16,dense__N16384__fp16,dense_compressed,16384,16,1024,16,uniform,b32_b16,32,64,,47.20703125,,50.75,,33,,5,q8,fp16,Float16,fp32_accumulate,20260802,random,2,5,3,one_or_more_tile_stripes,16,dense,compressed_tlr,536870912,53215232,590086144,425721856,1073741824,0.946044921875,3.353528,3.229433,4.532432,4.492633,11.356405,10.740472,2.505587507986882,2.390685373143099,8.1101062144e11,8.71878361088e11,6.98121921182266,192364.3556236475,774549.0780055836,false,4.532432;4.540374;4.492633;4.513635;4.539523,,NVIDIA H100 80GB HBM3,1.12.6
memory_sweep__20260802T115938.626Z__pid7083,20260802T115938.626Z,memory_sweep,compressed,compressed_compressed__N16384__q16__uniform__r32-64__fp16__q8__w1,dense__N16384__fp16,compressed_compressed,16384,16,1024,16,uniform,b32_b16,32,64,47.20703125,47.38671875,50.75,50.75,33,33,5,5,q8,fp16,Float16,fp32_accumulate,20260802,random,2,5,3,tlr_tlr_rows,1,compressed_tlr,compressed_tlr,53215232,53215232,106430464,28035200,1073741824,0.12523090839385986,62.937733,62.830903,2.863665,2.851978,11.356405,10.740472,3.9656890732679977,3.765972949300451,4.338571264e11,4.69213118464e11,7.535167000389965,163850.56159292374,774549.0780055836,false,2.890766;2.854862;2.851978;2.863665;2.868503,,NVIDIA H100 80GB HBM3,1.12.6
memory_sweep__20260802T115938.626Z__pid7083,20260802T115938.626Z,memory_sweep,compressed,compressed_compressed__N16384__q16__uniform__r32-64__fp16__q8__w2,dense__N16384__fp16,compressed_compressed,16384,16,1024,16,uniform,b32_b16,32,64,47.20703125,47.38671875,50.75,50.75,33,33,5,5,q8,fp16,Float16,fp32_accumulate,20260802,random,2,5,3,tlr_tlr_rows,2,compressed_tlr,compressed_tlr,53215232,53215232,106430464,55983104,1073741824,0.1512594223022461,51.55577,51.216893,2.584567,2.576876,11.356405,10.740472,4.393929428024115,4.1680205023446995,4.36843470848e11,4.72971214848e11,7.638465696397712,182998.24103921468,774549.0780055836,false,2.587783;2.604106;2.584567;2.576876;2.582705,,NVIDIA H100 80GB HBM3,1.12.6
memory_sweep__20260802T115938.626Z__pid7083,20260802T115938.626Z,memory_sweep,compressed,compressed_compressed__N16384__q16__uniform__r32-64__fp16__q8__w4,dense__N16384__fp16,compressed_compressed,16384,16,1024,16,uniform,b32_b16,32,64,47.20703125,47.38671875,50.75,50.75,33,33,5,5,q8,fp16,Float16,fp32_accumulate,20260802,random,2,5,3,tlr_tlr_rows,4,compressed_tlr,compressed_tlr,53215232,53215232,106430464,111868032,1073741824,0.20330631732940674,47.155496,47.11155,2.618799,2.608203,11.356405,10.740472,4.336493560597816,4.117958609816798,4.39804649472e11,4.75655569408e11,7.5371597100439685,181631.18643622517,774549.0780055836,false,2.634162;2.621042;2.608203;2.613541;2.618799,,NVIDIA H100 80GB HBM3,1.12.6
memory_sweep__20260802T115938.626Z__pid7083,20260802T115938.626Z,memory_sweep,compressed,compressed_compressed__N16384__q16__uniform__r32-64__fp16__q8__w8,dense__N16384__fp16,compressed_compressed,16384,16,1024,16,uniform,b32_b16,32,64,47.20703125,47.38671875,50.75,50.75,33,33,5,5,q8,fp16,Float16,fp32_accumulate,20260802,random,2,5,3,tlr_tlr_rows,8,compressed_tlr,compressed_tlr,53215232,53215232,106430464,223462784,1073741824,0.30723702907562256,44.120535,44.096478,2.434523,2.428735,11.356405,10.740472,4.6647351452420045,4.422249442611071,4.42614833152e11,4.78071488512e11,7.416601117619255,196371.72806007584,774549.0780055836,false,2.442044;2.449846;2.428735;2.429987;2.434523,,NVIDIA H100 80GB HBM3,1.12.6
memory_sweep__20260802T115938.626Z__pid7083,20260802T115938.626Z,memory_sweep,compressed,compressed_compressed__N16384__q16__uniform__r32-64__fp16__q8__w16,dense__N16384__fp16,compressed_compressed,16384,16,1024,16,uniform,b32_b16,32,64,47.20703125,47.38671875,50.75,50.75,33,33,5,5,q8,fp16,Float16,fp32_accumulate,20260802,random,2,5,3,tlr_tlr_rows,16,compressed_tlr,compressed_tlr,53215232,53215232,106430464,446818560,1073741824,0.5152533054351807,42.797815,42.735772,2.654222,2.647422,11.356405,10.740472,4.27861912078191,4.056955030214299,4.43034263552e11,4.79145230336e11,7.536538923423537,180521.9120088674,774549.0780055836,false,2.670016;2.651738;2.647422;2.654222;2.657137,,NVIDIA H100 80GB HBM3,1.12.6
memory_sweep__20260802T115938.626Z__pid7083,20260802T115938.626Z,memory_sweep,compressed,compressed_dense__N16384__q16__skewed__r32-64__fp16__q8__w1,dense__N16384__fp16,compressed_dense,16384,16,1024,16,skewed,b32_b16,32,64,42.1484375,,45.21875,,33,,5,,q8,fp16,Float16,fp32_accumulate,20260802,random,2,5,3,one_or_more_tile_stripes,1,compressed_tlr,dense,47415296,536870912,584286208,23707648,1073741824,0.5662384033203125,54.656201,54.577793,5.194914,5.187783,11.356405,10.740472,2.186062175427736,2.0703394879855233,7.2410464256e11,7.76852209664e11,6.789910158949551,149540.91822578775,774549.0780055836,false,5.227443;5.194914;5.187783;5.188274;5.241544,,NVIDIA H100 80GB HBM3,1.12.6
memory_sweep__20260802T115938.626Z__pid7083,20260802T115938.626Z,memory_sweep,compressed,compressed_dense__N16384__q16__skewed__r32-64__fp16__q8__w2,dense__N16384__fp16,compressed_dense,16384,16,1024,16,skewed,b32_b16,32,64,42.1484375,,45.21875,,33,,5,,q8,fp16,Float16,fp32_accumulate,20260802,random,2,5,3,one_or_more_tile_stripes,2,compressed_tlr,dense,47415296,536870912,584286208,47415296,1073741824,0.58831787109375,27.389868,26.992162,5.290547,5.272009,11.356405,10.740472,2.1465464724158014,2.0372635934422725,7.2410464256e11,7.76852209664e11,6.789910158949551,146837.7862750298,774549.0780055836,false,5.290547;5.276726;5.272009;5.296316;5.336325,,NVIDIA H100 80GB HBM3,1.12.6
memory_sweep__20260802T115938.626Z__pid7083,20260802T115938.626Z,memory_sweep,compressed,compressed_dense__N16384__q16__skewed__r32-64__fp16__q8__w4,dense__N16384__fp16,compressed_dense,16384,16,1024,16,skewed,b32_b16,32,64,42.1484375,,45.21875,,33,,5,,q8,fp16,Float16,fp32_accumulate,20260802,random,2,5,3,one_or_more_tile_stripes,4,compressed_tlr,dense,47415296,536870912,584286208,94830592,1073741824,0.632476806640625,57.207979,26.703821,5.490196,5.474962,11.356405,10.740472,2.068488083121258,1.9617436614171937,7.2410464256e11,7.76852209664e11,6.789910158949551,141498.08306734404,774549.0780055836,false,5.490196;5.474962;5.486971;5.504507;5.518428,,NVIDIA H100 80GB HBM3,1.12.6
memory_sweep__20260802T115938.626Z__pid7083,20260802T115938.626Z,memory_sweep,compressed,compressed_dense__N16384__q16__skewed__r32-64__fp16__q8__w8,dense__N16384__fp16,compressed_dense,16384,16,1024,16,skewed,b32_b16,32,64,42.1484375,,45.21875,,33,,5,,q8,fp16,Float16,fp32_accumulate,20260802,random,2,5,3,one_or_more_tile_stripes,8,compressed_tlr,dense,47415296,536870912,584286208,189661184,1073741824,0.720794677734375,6.693867,6.645395,5.615013,5.601463,11.356405,10.740472,2.022507338807586,1.9174404972415244,7.2410464256e11,7.76852209664e11,6.789910158949551,138352.7001030986,774549.0780055836,false,5.607882;5.601463;5.615013;5.673861;5.636285,,NVIDIA H100 80GB HBM3,1.12.6
memory_sweep__20260802T115938.626Z__pid7083,20260802T115938.626Z,memory_sweep,compressed,compressed_dense__N16384__q16__skewed__r32-64__fp16__q8__w16,dense__N16384__fp16,compressed_dense,16384,16,1024,16,skewed,b32_b16,32,64,42.1484375,,45.21875,,33,,5,,q8,fp16,Float16,fp32_accumulate,20260802,random,2,5,3,one_or_more_tile_stripes,16,compressed_tlr,dense,47415296,536870912,584286208,379322368,1073741824,0.897430419921875,3.505336,3.459647,5.62003,5.589224,11.356405,10.740472,2.020701846787295,1.921639211454041,7.2410464256e11,7.76852209664e11,6.789910158949551,138229.19266694307,774549.0780055836,false,5.62003;5.589224;5.615233;5.651708;5.635843,,NVIDIA H100 80GB HBM3,1.12.6
memory_sweep__20260802T115938.626Z__pid7083,20260802T115938.626Z,memory_sweep,compressed,dense_compressed__N16384__q16__skewed__r32-64__fp16__q8__w1,dense__N16384__fp16,dense_compressed,16384,16,1024,16,skewed,b32_b16,32,64,,42.1484375,,45.21875,,33,,5,q8,fp16,Float16,fp32_accumulate,20260802,random,2,5,3,one_or_more_tile_stripes,1,dense,compressed_tlr,536870912,47415296,584286208,23707648,1073741824,0.5662384033203125,52.532082,51.645925,3.465135,3.459497,11.356405,10.740472,3.2773340721212882,3.1046339973701382,7.2410464256e11,7.76852209664e11,6.789910158949551,224191.03719306752,774549.0780055836,false,3.471245;3.465135;3.467328;3.460428;3.459497,,NVIDIA H100 80GB HBM3,1.12.6
memory_sweep__20260802T115938.626Z__pid7083,20260802T115938.626Z,memory_sweep,compressed,dense_compressed__N16384__q16__skewed__r32-64__fp16__q8__w2,dense__N16384__fp16,dense_compressed,16384,16,1024,16,skewed,b32_b16,32,64,,42.1484375,,45.21875,,33,,5,q8,fp16,Float16,fp32_accumulate,20260802,random,2,5,3,one_or_more_tile_stripes,2,dense,compressed_tlr,536870912,47415296,584286208,47415296,1073741824,0.58831787109375,26.190422,26.112666,3.720447,3.702781,11.356405,10.740472,3.052430259052205,2.90065007895417,7.2410464256e11,7.76852209664e11,6.789910158949551,208806.14874072926,774549.0780055836,false,3.72885;3.720447;3.723963;3.710753;3.702781,,NVIDIA H100 80GB HBM3,1.12.6
memory_sweep__20260802T115938.626Z__pid7083,20260802T115938.626Z,memory_sweep,compressed,dense_compressed__N16384__q16__skewed__r32-64__fp16__q8__w4,dense__N16384__fp16,dense_compressed,16384,16,1024,16,skewed,b32_b16,32,64,,42.1484375,,45.21875,,33,,5,q8,fp16,Float16,fp32_accumulate,20260802,random,2,5,3,one_or_more_tile_stripes,4,dense,compressed_tlr,536870912,47415296,584286208,94830592,1073741824,0.632476806640625,13.077019,12.939944,4.064452,4.047186,11.356405,10.740472,2.7940802351706946,2.6538123031657057,7.2410464256e11,7.76852209664e11,6.789910158949551,191133.32121132198,774549.0780055836,false,4.070771;4.047186;4.059484;4.064452;4.075148,,NVIDIA H100 80GB HBM3,1.12.6
memory_sweep__20260802T115938.626Z__pid7083,20260802T115938.626Z,memory_sweep,compressed,dense_compressed__N16384__q16__skewed__r32-64__fp16__q8__w8,dense__N16384__fp16,dense_compressed,16384,16,1024,16,skewed,b32_b16,32,64,,42.1484375,,45.21875,,33,,5,q8,fp16,Float16,fp32_accumulate,20260802,random,2,5,3,one_or_more_tile_stripes,8,dense,compressed_tlr,536870912,47415296,584286208,189661184,1073741824,0.720794677734375,6.646566,6.625695,4.238583,4.234647,11.356405,10.740472,2.6792928202656405,2.536332308218371,7.2410464256e11,7.76852209664e11,6.789910158949551,183281.11297195312,774549.0780055836,false,4.238583;4.260776;4.265813;4.234647;4.2369,,NVIDIA H100 80GB HBM3,1.12.6
memory_sweep__20260802T115938.626Z__pid7083,20260802T115938.626Z,memory_sweep,compressed,dense_compressed__N16384__q16__skewed__r32-64__fp16__q8__w16,dense__N16384__fp16,dense_compressed,16384,16,1024,16,skewed,b32_b16,32,64,,42.1484375,,45.21875,,33,,5,q8,fp16,Float16,fp32_accumulate,20260802,random,2,5,3,one_or_more_tile_stripes,16,dense,compressed_tlr,536870912,47415296,584286208,379322368,1073741824,0.897430419921875,3.278175,3.189403,4.407245,4.347666,11.356405,10.740472,2.576758269621952,2.4703995201103304,7.2410464256e11,7.76852209664e11,6.789910158949551,176267.08060568452,774549.0780055836,false,4.415828;4.347666;4.407245;4.370851;4.429819,,NVIDIA H100 80GB HBM3,1.12.6
memory_sweep__20260802T115938.626Z__pid7083,20260802T115938.626Z,memory_sweep,compressed,compressed_compressed__N16384__q16__skewed__r32-64__fp16__q8__w1,dense__N16384__fp16,compressed_compressed,16384,16,1024,16,skewed,b32_b16,32,64,42.1484375,42.171875,45.21875,45.25,33,32,5,5,q8,fp16,Float16,fp32_accumulate,20260802,random,2,5,3,tlr_tlr_rows,1,compressed_tlr,compressed_tlr,47415296,47448064,94863360,24883328,1073741824,0.11152279376983643,57.385245,56.652858,2.704447,2.691307,11.356405,10.740472,4.199159754286181,3.9908014953329367,3.82074175488e11,4.1283485696e11,7.451086300830561,152650.3780477118,774549.0780055836,false,2.715834;2.704447;2.698648;2.691307;2.708454,,NVIDIA H100 80GB HBM3,1.12.6
memory_sweep__20260802T115938.626Z__pid7083,20260802T115938.626Z,memory_sweep,compressed,compressed_compressed__N16384__q16__skewed__r32-64__fp16__q8__w2,dense__N16384__fp16,compressed_compressed,16384,16,1024,16,skewed,b32_b16,32,64,42.1484375,42.171875,45.21875,45.25,33,32,5,5,q8,fp16,Float16,fp32_accumulate,20260802,random,2,5,3,tlr_tlr_rows,2,compressed_tlr,compressed_tlr,47415296,47448064,94863360,49686528,1073741824,0.13462257385253906,51.934988,51.717633,2.437758,2.427823,11.356405,10.740472,4.658544859662034,4.423910639284659,3.8479208448e11,4.15787646976e11,7.454661705663689,170561.4941991781,774549.0780055836,false,2.437758;2.441554;2.447382;2.429345;2.427823,,NVIDIA H100 80GB HBM3,1.12.6
memory_sweep__20260802T115938.626Z__pid7083,20260802T115938.626Z,memory_sweep,compressed,compressed_compressed__N16384__q16__skewed__r32-64__fp16__q8__w4,dense__N16384__fp16,compressed_compressed,16384,16,1024,16,skewed,b32_b16,32,64,42.1484375,42.171875,45.21875,45.25,33,32,5,5,q8,fp16,Float16,fp32_accumulate,20260802,random,2,5,3,tlr_tlr_rows,4,compressed_tlr,compressed_tlr,47415296,47448064,94863360,99280384,1073741824,0.18081045150756836,129.465398,60.047428,2.319351,2.310978,11.356405,10.740472,4.8963718729937815,4.647587298537676,3.87174449152e11,4.17935130624e11,7.36015692819903,180194.86081408118,774549.0780055836,false,2.325641;2.327023;2.310978;2.319351;2.317818,,NVIDIA H100 80GB HBM3,1.12.6
memory_sweep__20260802T115938.626Z__pid7083,20260802T115938.626Z,memory_sweep,compressed,compressed_compressed__N16384__q16__skewed__r32-64__fp16__q8__w8,dense__N16384__fp16,compressed_compressed,16384,16,1024,16,skewed,b32_b16,32,64,42.1484375,42.171875,45.21875,45.25,33,32,5,5,q8,fp16,Float16,fp32_accumulate,20260802,random,2,5,3,tlr_tlr_rows,8,compressed_tlr,compressed_tlr,47415296,47448064,94863360,198278528,1073741824,0.27300965785980225,44.247093,44.206192,2.259652,2.244468,11.356405,10.740472,5.02573183835387,4.785308589830642,3.90395674624e11,4.20619485184e11,7.185546943166124,186143.47925432766,774549.0780055836,false,2.273392;2.259652;2.25238;2.261504;2.244468,,NVIDIA H100 80GB HBM3,1.12.6
memory_sweep__20260802T115938.626Z__pid7083,20260802T115938.626Z,memory_sweep,compressed,compressed_compressed__N16384__q16__skewed__r32-64__fp16__q8__w16,dense__N16384__fp16,compressed_compressed,16384,16,1024,16,skewed,b32_b16,32,64,42.1484375,42.171875,45.21875,45.25,33,32,5,5,q8,fp16,Float16,fp32_accumulate,20260802,random,2,5,3,tlr_tlr_rows,16,compressed_tlr,compressed_tlr,47415296,47448064,94863360,396090368,1073741824,0.45723628997802734,42.717285,42.593439,2.483977,2.460072,11.356405,10.740472,4.571863990689125,4.365917745496881,3.91872069632e11,4.22766968832e11,7.30778454271272,170197.61810676992,774549.0780055836,false,2.483977;2.496797;2.493882;2.471869;2.460072,,NVIDIA H100 80GB HBM3,1.12.6
memory_sweep__20260802T115938.626Z__pid7083,20260802T115938.626Z,memory_sweep,compressed,compressed_dense__N16384__q8__uniform__r64-128__fp16__q8__w1,dense__N16384__fp16,compressed_dense,16384,8,2048,8,uniform,b32_b16,64,128,95.140625,,98.875,,42,,9,,q8,fp16,Float16,fp32_accumulate,20260802,random,2,5,3,one_or_more_tile_stripes,1,compressed_tlr,dense,51838976,536870912,588709888,25919488,1073741824,0.572418212890625,8.391457,8.38634,3.571014,3.557073,11.356405,10.740472,3.1801625532691835,3.0194690972043587,8.17251745792e11,8.49329782784e11,3.776864728192162,237839.94764064212,774549.0780055836,false,3.580107;3.571014;3.570984;3.571224;3.557073,,NVIDIA H100 80GB HBM3,1.12.6
memory_sweep__20260802T115938.626Z__pid7083,20260802T115938.626Z,memory_sweep,compressed,compressed_dense__N16384__q8__uniform__r64-128__fp16__q8__w2,dense__N16384__fp16,compressed_dense,16384,8,2048,8,uniform,b32_b16,64,128,95.140625,,98.875,,42,,9,,q8,fp16,Float16,fp32_accumulate,20260802,random,2,5,3,one_or_more_tile_stripes,2,compressed_tlr,dense,51838976,536870912,588709888,51838976,1073741824,0.5965576171875,4.334777,4.143511,3.56185,3.5415,11.356405,10.740472,3.1883445400564314,3.0327465763094734,8.17251745792e11,8.49329782784e11,3.776864728192162,238451.86708704746,774549.0780055836,false,3.56185;3.573357;3.567428;3.5415;3.547279,,NVIDIA H100 80GB HBM3,1.12.6
memory_sweep__20260802T115938.626Z__pid7083,20260802T115938.626Z,memory_sweep,compressed,compressed_dense__N16384__q8__uniform__r64-128__fp16__q8__w4,dense__N16384__fp16,compressed_dense,16384,8,2048,8,uniform,b32_b16,64,128,95.140625,,98.875,,42,,9,,q8,fp16,Float16,fp32_accumulate,20260802,random,2,5,3,one_or_more_tile_stripes,4,compressed_tlr,dense,51838976,536870912,588709888,103677952,1073741824,0.64483642578125,2.189437,2.001104,3.512657,3.50156,11.356405,10.740472,3.2329957066687696,3.067339128845429,8.17251745792e11,8.49329782784e11,3.776864728192162,241791.26592320285,774549.0780055836,false,3.510764;3.512657;3.516933;3.50156;3.514509,,NVIDIA H100 80GB HBM3,1.12.6
memory_sweep__20260802T115938.626Z__pid7083,20260802T115938.626Z,memory_sweep,compressed,compressed_dense__N16384__q8__uniform__r64-128__fp16__q8__w8,dense__N16384__fp16,compressed_dense,16384,8,2048,8,uniform,b32_b16,64,128,95.140625,,98.875,,42,,9,,q8,fp16,Float16,fp32_accumulate,20260802,random,2,5,3,one_or_more_tile_stripes,8,compressed_tlr,dense,51838976,536870912,588709888,207355904,1073741824,0.74139404296875,1.090712,1.059054,3.487038,3.482011,11.356405,10.740472,3.2567482774779055,3.084560043032604,8.17251745792e11,8.49329782784e11,3.776864728192162,243567.68775791948,774549.0780055836,false,3.493418;3.482011;3.545295;3.484685;3.487038,,NVIDIA H100 80GB HBM3,1.12.6
memory_sweep__20260802T115938.626Z__pid7083,20260802T115938.626Z,memory_sweep,compressed,dense_compressed__N16384__q8__uniform__r64-128__fp16__q8__w1,dense__N16384__fp16,dense_compressed,16384,8,2048,8,uniform,b32_b16,64,128,,95.140625,,98.875,,42,,9,q8,fp16,Float16,fp32_accumulate,20260802,random,2,5,3,one_or_more_tile_stripes,1,dense,compressed_tlr,536870912,51838976,588709888,25919488,1073741824,0.572418212890625,8.142575,8.099711,3.164465,3.15406,11.356405,10.740472,3.5887282684434814,3.4052846172869256,8.17251745792e11,8.49329782784e11,3.776864728192162,268396.0109478221,774549.0780055836,false,3.173969;3.1677;3.15406;3.162993;3.164465,,NVIDIA H100 80GB HBM3,1.12.6
memory_sweep__20260802T115938.626Z__pid7083,20260802T115938.626Z,memory_sweep,compressed,dense_compressed__N16384__q8__uniform__r64-128__fp16__q8__w2,dense__N16384__fp16,dense_compressed,16384,8,2048,8,uniform,b32_b16,64,128,,95.140625,,98.875,,42,,9,q8,fp16,Float16,fp32_accumulate,20260802,random,2,5,3,one_or_more_tile_stripes,2,dense,compressed_tlr,536870912,51838976,588709888,51838976,1073741824,0.5965576171875,5.191158,5.00486,3.141992,3.132668,11.356405,10.740472,3.6143965357009185,3.428538230032675,8.17251745792e11,8.49329782784e11,3.776864728192162,270315.7050635393,774549.0780055836,false,3.139958;3.147019;3.142642;3.141992;3.132668,,NVIDIA H100 80GB HBM3,1.12.6
memory_sweep__20260802T115938.626Z__pid7083,20260802T115938.626Z,memory_sweep,compressed,dense_compressed__N16384__q8__uniform__r64-128__fp16__q8__w4,dense__N16384__fp16,dense_compressed,16384,8,2048,8,uniform,b32_b16,64,128,,95.140625,,98.875,,42,,9,q8,fp16,Float16,fp32_accumulate,20260802,random,2,5,3,one_or_more_tile_stripes,4,dense,compressed_tlr,536870912,51838976,588709888,103677952,1073741824,0.64483642578125,2.15177,2.075766,3.362952,3.352327,11.356405,10.740472,3.3769155789318432,3.2038855398056336,8.17251745792e11,8.49329782784e11,3.776864728192162,252554.83360571307,774549.0780055836,false,3.365106;3.352327;3.362952;3.366638;3.36129,,NVIDIA H100 80GB HBM3,1.12.6
memory_sweep__20260802T115938.626Z__pid7083,20260802T115938.626Z,memory_sweep,compressed,dense_compressed__N16384__q8__uniform__r64-128__fp16__q8__w8,dense__N16384__fp16,dense_compressed,16384,8,2048,8,uniform,b32_b16,64,128,,95.140625,,98.875,,42,,9,q8,fp16,Float16,fp32_accumulate,20260802,random,2,5,3,one_or_more_tile_stripes,8,dense,compressed_tlr,536870912,51838976,588709888,207355904,1073741824,0.74139404296875,1.109931,1.051023,3.724473,3.703372,11.356405,10.740472,3.049130709230541,2.9001871807639095,8.17251745792e11,8.49329782784e11,3.776864728192162,228040.25771807178,774549.0780055836,false,3.707158;3.703372;3.724473;3.756241;3.736451,,NVIDIA H100 80GB HBM3,1.12.6
memory_sweep__20260802T115938.626Z__pid7083,20260802T115938.626Z,memory_sweep,compressed,compressed_compressed__N16384__q8__uniform__r64-128__fp16__q8__w1,dense__N16384__fp16,compressed_compressed,16384,8,2048,8,uniform,b32_b16,64,128,95.140625,96.171875,98.875,99.875,42,46,9,9,q8,fp16,Float16,fp32_accumulate,20260802,random,2,5,3,tlr_tlr_rows,1,compressed_tlr,compressed_tlr,51838976,52363264,104202240,27676416,1073741824,0.12282156944274902,26.460948,19.273762,2.160763,2.152662,11.356405,10.740472,5.255738366493687,4.989390810076083,4.3270938624e11,4.50843639808e11,4.022293311207141,208650.20356605513,774549.0780055836,false,2.168265;2.154895;2.160763;2.152662;2.163998,,NVIDIA H100 80GB HBM3,1.12.6
memory_sweep__20260802T115938.626Z__pid7083,20260802T115938.626Z,memory_sweep,compressed,compressed_compressed__N16384__q8__uniform__r64-128__fp16__q8__w2,dense__N16384__fp16,compressed_compressed,16384,8,2048,8,uniform,b32_b16,64,128,95.140625,96.171875,98.875,99.875,42,46,9,9,q8,fp16,Float16,fp32_accumulate,20260802,random,2,5,3,tlr_tlr_rows,2,compressed_tlr,compressed_tlr,51838976,52363264,104202240,55280256,1073741824,0.14852964878082275,8.168574,8.041424,1.966253,1.963979,11.356405,10.740472,5.775658066383116,5.468730571966401,4.32013131776e11,4.50910748672e11,4.190988338968704,229324.88783081324,774549.0780055836,false,1.970759;1.966253;1.966533;1.965301;1.963979,,NVIDIA H100 80GB HBM3,1.12.6
memory_sweep__20260802T115938.626Z__pid7083,20260802T115938.626Z,memory_sweep,compressed,compressed_compressed__N16384__q8__uniform__r64-128__fp16__q8__w4,dense__N16384__fp16,compressed_compressed,16384,8,2048,8,uniform,b32_b16,64,128,95.140625,96.171875,98.875,99.875,42,46,9,9,q8,fp16,Float16,fp32_accumulate,20260802,random,2,5,3,tlr_tlr_rows,4,compressed_tlr,compressed_tlr,51838976,52363264,104202240,110011008,1073741824,0.199501633644104,7.173895,7.01668,1.893454,1.886844,11.356405,10.740472,5.997718983402819,5.692294646510257,4.39915200512e11,4.58829594624e11,4.122313454409997,242324.1307282881,774549.0780055836,false,1.888145;1.900894;1.893454;1.886844;1.896979,,NVIDIA H100 80GB HBM3,1.12.6
memory_sweep__20260802T115938.626Z__pid7083,20260802T115938.626Z,memory_sweep,compressed,compressed_compressed__N16384__q8__uniform__r64-128__fp16__q8__w8,dense__N16384__fp16,compressed_compressed,16384,8,2048,8,uniform,b32_b16,64,128,95.140625,96.171875,98.875,99.875,42,46,9,9,q8,fp16,Float16,fp32_accumulate,20260802,random,2,5,3,tlr_tlr_rows,8,compressed_tlr,compressed_tlr,51838976,52363264,104202240,217466368,1073741824,0.2995772361755371,6.231234,6.193588,1.945392,1.936538,11.356405,10.740472,5.837592115110991,5.546223208633138,4.46995185664e11,4.66077351936e11,4.094205863626751,239580.1730119174,774549.0780055836,false,1.936538;1.961816;1.938581;1.945392;1.945752,,NVIDIA H100 80GB HBM3,1.12.6
memory_sweep__20260802T115938.626Z__pid7083,20260802T115938.626Z,memory_sweep,compressed,compressed_dense__N16384__q8__skewed__r64-128__fp16__q8__w1,dense__N16384__fp16,compressed_dense,16384,8,2048,8,skewed,b32_b16,64,128,85.375,,88.125,,32,,9,,q8,fp16,Float16,fp32_accumulate,20260802,random,2,5,3,one_or_more_tile_stripes,1,compressed_tlr,dense,46202880,536870912,583073792,23101440,1073741824,0.564544677734375,8.426991,8.277177,3.385066,3.368862,11.356405,10.740472,3.3548548241009186,3.188160274894015,7.33365665792e11,7.5698798592e11,3.120567375886525,223625.76857290228,774549.0780055836,false,3.368862;3.385066;3.385105;3.387429;3.381921,,NVIDIA H100 80GB HBM3,1.12.6
memory_sweep__20260802T115938.626Z__pid7083,20260802T115938.626Z,memory_sweep,compressed,compressed_dense__N16384__q8__skewed__r64-128__fp16__q8__w2,dense__N16384__fp16,compressed_dense,16384,8,2048,8,skewed,b32_b16,64,128,85.375,,88.125,,32,,9,,q8,fp16,Float16,fp32_accumulate,20260802,random,2,5,3,one_or_more_tile_stripes,2,compressed_tlr,dense,46202880,536870912,583073792,46202880,1073741824,0.5860595703125,4.352934,4.182318,3.364185,3.358937,11.356405,10.740472,3.3756779130755294,3.1975806631681394,7.33365665792e11,7.5698798592e11,3.120567375886525,225013.78072846768,774549.0780055836,false,3.358937;3.364185;3.364465;3.360659;3.368421,,NVIDIA H100 80GB HBM3,1.12.6
memory_sweep__20260802T115938.626Z__pid7083,20260802T115938.626Z,memory_sweep,compressed,compressed_dense__N16384__q8__skewed__r64-128__fp16__q8__w4,dense__N16384__fp16,compressed_dense,16384,8,2048,8,skewed,b32_b16,64,128,85.375,,88.125,,32,,9,,q8,fp16,Float16,fp32_accumulate,20260802,random,2,5,3,one_or_more_tile_stripes,4,compressed_tlr,dense,46202880,536870912,583073792,92405760,1073741824,0.62908935546875,2.130859,2.120934,3.337605,3.332838,11.356405,10.740472,3.4025611179273763,3.2226204814035366,7.33365665792e11,7.5698798592e11,3.120567375886525,226805.74421478875,774549.0780055836,false,3.333428;3.337605;3.344134;3.332838;3.349642,,NVIDIA H100 80GB HBM3,1.12.6
memory_sweep__20260802T115938.626Z__pid7083,20260802T115938.626Z,memory_sweep,compressed,compressed_dense__N16384__q8__skewed__r64-128__fp16__q8__w8,dense__N16384__fp16,compressed_dense,16384,8,2048,8,skewed,b32_b16,64,128,85.375,,88.125,,32,,9,,q8,fp16,Float16,fp32_accumulate,20260802,random,2,5,3,one_or_more_tile_stripes,8,compressed_tlr,dense,46202880,536870912,583073792,184811520,1073741824,0.71514892578125,1.141118,1.056922,3.319107,3.311856,11.356405,10.740472,3.4215242232323337,3.2430371368803477,7.33365665792e11,7.5698798592e11,3.120567375886525,228069.7747677312,774549.0780055836,false,3.320499;3.318005;3.321761;3.319107;3.311856,,NVIDIA H100 80GB HBM3,1.12.6
memory_sweep__20260802T115938.626Z__pid7083,20260802T115938.626Z,memory_sweep,compressed,dense_compressed__N16384__q8__skewed__r64-128__fp16__q8__w1,dense__N16384__fp16,dense_compressed,16384,8,2048,8,skewed,b32_b16,64,128,,85.375,,88.125,,32,,9,q8,fp16,Float16,fp32_accumulate,20260802,random,2,5,3,one_or_more_tile_stripes,1,dense,compressed_tlr,536870912,46202880,583073792,23101440,1073741824,0.564544677734375,8.218319,8.196656,2.871618,2.864917,11.356405,10.740472,3.9547060228763025,3.7489644551657166,7.33365665792e11,7.5698798592e11,3.120567375886525,263610.26637944183,774549.0780055836,false,2.873611;2.864917;2.867832;2.879519;2.871618,,NVIDIA H100 80GB HBM3,1.12.6
memory_sweep__20260802T115938.626Z__pid7083,20260802T115938.626Z,memory_sweep,compressed,dense_compressed__N16384__q8__skewed__r64-128__fp16__q8__w2,dense__N16384__fp16,dense_compressed,16384,8,2048,8,skewed,b32_b16,64,128,,85.375,,88.125,,32,,9,q8,fp16,Float16,fp32_accumulate,20260802,random,2,5,3,one_or_more_tile_stripes,2,dense,compressed_tlr,536870912,46202880,583073792,46202880,1073741824,0.5860595703125,4.459093,4.352413,2.898067,2.86693,11.356405,10.740472,3.9186136828444615,3.7463321392569755,7.33365665792e11,7.5698798592e11,3.120567375886525,261204.44624641183,774549.0780055836,false,2.86693;2.901703;2.898067;2.892869;2.909995,,NVIDIA H100 80GB HBM3,1.12.6
memory_sweep__20260802T115938.626Z__pid7083,20260802T115938.626Z,memory_sweep,compressed,dense_compressed__N16384__q8__skewed__r64-128__fp16__q8__w4,dense__N16384__fp16,dense_compressed,16384,8,2048,8,skewed,b32_b16,64,128,,85.375,,88.125,,32,,9,q8,fp16,Float16,fp32_accumulate,20260802,random,2,5,3,one_or_more_tile_stripes,4,dense,compressed_tlr,536870912,46202880,583073792,92405760,1073741824,0.62908935546875,2.188525,2.081845,3.150294,3.118446,11.356405,10.740472,3.6048714818362986,3.444174438165676,7.33365665792e11,7.5698798592e11,3.120567375886525,240291.21914335614,774549.0780055836,false,3.186038;3.155582;3.118446;3.130255;3.150294,,NVIDIA H100 80GB HBM3,1.12.6
memory_sweep__20260802T115938.626Z__pid7083,20260802T115938.626Z,memory_sweep,compressed,dense_compressed__N16384__q8__skewed__r64-128__fp16__q8__w8,dense__N16384__fp16,dense_compressed,16384,8,2048,8,skewed,b32_b16,64,128,,85.375,,88.125,,32,,9,q8,fp16,Float16,fp32_accumulate,20260802,random,2,5,3,one_or_more_tile_stripes,8,dense,compressed_tlr,536870912,46202880,583073792,184811520,1073741824,0.71514892578125,1.090221,1.03631,3.429271,3.397815,11.356405,10.740472,3.3116090854295273,3.1609937562816106,7.33365665792e11,7.5698798592e11,3.120567375886525,220743.12176552977,774549.0780055836,false,3.460929;3.429271;3.415311;3.446838;3.397815,,NVIDIA H100 80GB HBM3,1.12.6
memory_sweep__20260802T115938.626Z__pid7083,20260802T115938.626Z,memory_sweep,compressed,compressed_compressed__N16384__q8__skewed__r64-128__fp16__q8__w1,dense__N16384__fp16,compressed_compressed,16384,8,2048,8,skewed,b32_b16,64,128,85.375,86.015625,88.125,89.25,32,38,9,9,q8,fp16,Float16,fp32_accumulate,20260802,random,2,5,3,tlr_tlr_rows,1,compressed_tlr,compressed_tlr,46202880,46792704,92995584,24592128,1073741824,0.1095120906829834,10.255446,10.245392,2.01788,2.006112,11.356405,10.740472,5.627889170812933,5.353874559346637,3.8242947072e11,3.96735545344e11,3.6059472845054863,196610.07856958787,774549.0780055836,false,2.01788;2.019091;2.028436;2.006112;2.014065,,NVIDIA H100 80GB HBM3,1.12.6
memory_sweep__20260802T115938.626Z__pid7083,20260802T115938.626Z,memory_sweep,compressed,compressed_compressed__N16384__q8__skewed__r64-128__fp16__q8__w2,dense__N16384__fp16,compressed_compressed,16384,8,2048,8,skewed,b32_b16,64,128,85.375,86.015625,88.125,89.25,32,38,9,9,q8,fp16,Float16,fp32_accumulate,20260802,random,2,5,3,tlr_tlr_rows,2,compressed_tlr,compressed_tlr,46202880,46792704,92995584,49147392,1073741824,0.13238096237182617,8.140071,8.12554,1.81121,1.806223,11.356405,10.740472,6.2700653154521016,5.946370963053843,3.8242947072e11,3.96735545344e11,3.6059472845054863,219044.47598235434,774549.0780055836,false,1.808928;1.826784;1.819954;1.806223;1.81121,,NVIDIA H100 80GB HBM3,1.12.6
memory_sweep__20260802T115938.626Z__pid7083,20260802T115938.626Z,memory_sweep,compressed,compressed_compressed__N16384__q8__skewed__r64-128__fp16__q8__w4,dense__N16384__fp16,compressed_compressed,16384,8,2048,8,skewed,b32_b16,64,128,85.375,86.015625,88.125,89.25,32,38,9,9,q8,fp16,Float16,fp32_accumulate,20260802,random,2,5,3,tlr_tlr_rows,4,compressed_tlr,compressed_tlr,46202880,46792704,92995584,97829376,1073741824,0.1777195930480957,11.27961,9.045065,1.73771,1.73099,11.356405,10.740472,6.535270557227616,6.204814585872825,3.89022916608e11,4.03983302656e11,3.7032189077227957,232480.27729367962,774549.0780055836,false,1.813204;1.73099;1.738411;1.731051;1.73771,,NVIDIA H100 80GB HBM3,1.12.6
memory_sweep__20260802T115938.626Z__pid7083,20260802T115938.626Z,memory_sweep,compressed,compressed_compressed__N16384__q8__skewed__r64-128__fp16__q8__w8,dense__N16384__fp16,compressed_compressed,16384,8,2048,8,skewed,b32_b16,64,128,85.375,86.015625,88.125,89.25,32,38,9,9,q8,fp16,Float16,fp32_accumulate,20260802,random,2,5,3,tlr_tlr_rows,8,compressed_tlr,compressed_tlr,46202880,46792704,92995584,192869504,1073741824,0.26623260974884033,6.252386,6.232427,1.78416,1.781145,11.356405,10.740472,6.365127006546499,6.0300941248466575,3.97512187904e11,4.11499495424e11,3.3991068459483254,230640.46689982963,774549.0780055836,false,1.781145;1.794956;1.785141;1.781335;1.78416,,NVIDIA H100 80GB HBM3,1.12.6
